id;time;x;y;z
1;1708625480656;-0.06131608;0.33379877;9.91466
2;1708625480848;-0.05922236;0.33738798;9.917353
3;1708625481047;-0.0634098;0.33529428;9.918549
4;1708625481249;-0.062512495;0.33589247;9.913465
5;1708625481449;-0.063110694;0.3361916;9.91825
6;1708625481648;-0.05922236;0.3400799;9.917053
7;1708625481848;-0.05922236;0.3367898;9.918549
8;1708625482047;-0.059521463;0.33559337;9.917951
9;1708625482264;-0.060717873;0.3361916;9.9191475
10;1708625482447;-0.060418773;0.33499518;9.917951
11;1708625482647;-0.059521463;0.3379862;9.917651
12;1708625482848;-0.05712864;0.32243285;9.90838
13;1708625483047;-0.06729814;0.35413775;9.933804
14;1708625483250;-0.06610172;0.34277186;9.922438
15;1708625483449;-0.05922236;0.3394817;9.923933
16;1708625483649;-0.063110694;0.34037903;9.919745
17;1708625483849;-0.060418773;0.33888352;9.9191475
18;1708625484049;-0.056530435;0.34187454;9.922138
19;1708625484248;-0.0637089;0.3385844;9.917951
20;1708625484448;-0.064905316;0.3394817;9.922438
21;1708625484649;-0.06729814;0.34307095;9.925129
22;1708625484849;-0.066400826;0.34157544;9.921839
23;1708625485048;-0.06131608;0.34247273;9.920643
24;1708625485247;-0.058325052;0.34426737;9.921839
25;1708625485448;-0.061914288;0.34396824;9.924531
26;1708625485648;-0.062512495;0.3397808;9.921839
27;1708625485846;-0.061016977;0.3397808;9.921241
28;1708625486048;-0.063110694;0.34396824;9.922138
29;1708625486247;-0.07627122;0.34965122;9.9344015
30;1708625486447;-0.070289165;0.35114673;9.931709
31;1708625486647;-0.06969096;0.35234314;9.931111
32;1708625486846;-0.06999006;0.35114673;9.934999
33;1708625487047;-0.07148558;0.3499503;9.930812
34;1708625487246;-0.0741775;0.3469593;9.9344015
35;1708625487447;-0.06849455;0.3502494;9.926924
36;1708625487652;-0.069391854;0.35174492;9.932009
37;1708625487845;-0.06999006;0.3487539;9.929914
38;1708625488045;-0.071186475;0.3499503;9.932009
39;1708625488245;-0.07238288;0.35383865;9.929914
40;1708625488448;-0.06969096;0.35174492;9.931111
41;1708625488646;-0.071186475;0.35084763;9.931111
42;1708625488846;-0.0735793;0.35294133;9.933205
43;1708625489046;-0.0738784;0.35712877;9.933504
44;1708625489247;-0.07058827;0.34546378;9.925428
45;1708625489446;-0.07627122;0.35563326;9.932607
46;1708625489645;-0.071186475;0.35114673;9.929914
47;1708625489845;-0.069391854;0.3487539;9.927522
48;1708625490045;-0.07208378;0.35623148;9.9293165
49;1708625490245;-0.07178468;0.35084763;9.927223
50;1708625490445;-0.06999006;0.3475575;9.926924
51;1708625490645;-0.07298109;0.35264224;9.930214
52;1708625490845;-0.07686943;0.35294133;9.932009
53;1708625491045;-0.071186475;0.35234314;9.928419
54;1708625491244;-0.07507481;0.35234314;9.933205
55;1708625491446;-0.07148558;0.3499503;9.935897
56;1708625491645;-0.07058827;0.35264224;9.929616
57;1708625491846;-0.06999006;0.35383865;9.932009
58;1708625492046;-0.076570325;0.3475575;9.935597
59;1708625492245;-0.06849455;0.35443684;9.933205
60;1708625492445;-0.07447661;0.35324043;9.933504
61;1708625492645;-0.06909275;0.35294133;9.939785
62;1708625492846;-0.07208378;0.34666017;9.935597
63;1708625493046;-0.07058827;0.34157544;9.937692
64;1708625493246;-0.071186475;0.3493521;9.939187
65;1708625493445;-0.067896344;0.34456646;9.938888
66;1708625493645;-0.072681986;0.34127632;9.935897
67;1708625493845;-0.06759724;0.34576288;9.934701
68;1708625494046;-0.06909275;0.34546378;9.934999
69;1708625494245;-0.070289165;0.34456646;9.935597
70;1708625494445;-0.06819545;0.3487539;9.931709
71;1708625494644;-0.068793654;0.34486556;9.932307
72;1708625494845;-0.069391854;0.34785658;9.931411
73;1708625495050;-0.069391854;0.3487539;9.927821
74;1708625495245;-0.06699903;0.34666017;9.926624
75;1708625495445;-0.06969096;0.34666017;9.926924
76;1708625495644;-0.06999006;0.3475575;9.930214
77;1708625495844;-0.07088737;0.34456646;9.927223
78;1708625496045;-0.06580263;0.34157544;9.919446
79;1708625496246;-0.07088737;0.35832518;9.928719
80;1708625496444;-0.0735793;0.35264224;9.927821
81;1708625496643;-0.068793654;0.35264224;9.922438
82;1708625496844;-0.06969096;0.35174492;9.923933
83;1708625497043;-0.07178468;0.3505485;9.923335
84;1708625497244;-0.06909275;0.35204405;9.919446
85;1708625497448;-0.071186475;0.35473597;9.91825
86;1708625497643;-0.06849455;0.35114673;9.920941
87;1708625497844;-0.07328019;0.3505485;9.920045
88;1708625498044;-0.0741775;0.35084763;9.917353
89;1708625498244;-0.06969096;0.35353956;9.917951
90;1708625498444;-0.07058827;0.35174492;9.915558
91;1708625498643;-0.07148558;0.35114673;9.917053
92;1708625498843;-0.070289165;0.35204405;9.918549
93;1708625499042;-0.070289165;0.3502494;9.916755
94;1708625499244;-0.07208378;0.3502494;9.914362
95;1708625499443;-0.06999006;0.35084763;9.912866
96;1708625499643;-0.07148558;0.35204405;9.917053
97;1708625499843;-0.07178468;0.35114673;9.9140625
98;1708625500043;-0.06969096;0.34785658;9.91825
99;1708625500244;-0.06819545;0.35144582;9.912866
100;1708625500443;-0.066400826;0.35144582;9.916455
101;1708625500642;-0.070289165;0.3487539;9.917053
102;1708625500843;-0.06999006;0.3484548;9.9140625
103;1708625501043;-0.06759724;0.35144582;9.912567
104;1708625501241;-0.07088737;0.35623148;9.915558
105;1708625501443;-0.07328019;0.34666017;9.912866
106;1708625501643;-0.07627122;0.35383865;9.917651
107;1708625501842;-0.06580263;0.35473597;9.9140625
108;1708625502043;-0.0735793;0.35682967;9.91496
109;1708625502243;-0.07477571;0.35832518;9.91496
110;1708625502442;-0.07537391;0.35473597;9.915857
111;1708625502642;-0.07238288;0.35473597;9.915857
112;1708625502842;-0.06909275;0.35234314;9.912866
113;1708625503041;-0.0735793;0.35174492;9.9140625
114;1708625503242;-0.06729814;0.34666017;9.9140625
115;1708625503442;-0.068793654;0.3469593;9.909277
116;1708625503641;-0.070289165;0.34426737;9.913165
117;1708625503842;-0.06699903;0.3505485;9.913465
118;1708625504042;-0.0738784;0.35413775;9.916455
119;1708625504241;-0.07178468;0.35174492;9.916455
120;1708625504442;-0.07238288;0.3505485;9.9140625
121;1708625504641;-0.072681986;0.35234314;9.913465
122;1708625504841;-0.06909275;0.35324043;9.910772
123;1708625505040;-0.07178468;0.35174492;9.916455
124;1708625505242;-0.07058827;0.35084763;9.912268
125;1708625505440;-0.07208378;0.35174492;9.91496
126;1708625505641;-0.07058827;0.35383865;9.913165
127;1708625505841;-0.07088737;0.3487539;9.913165
128;1708625506041;-0.067896344;0.349053;9.91167
129;1708625506241;-0.072681986;0.34965122;9.910473
130;1708625506441;-0.070289165;0.349053;9.915558
131;1708625506640;-0.072681986;0.3505485;9.91466
132;1708625506841;-0.07088737;0.35114673;9.915857
133;1708625507041;-0.070289165;0.3505485;9.913465
134;1708625507241;-0.07088737;0.35353956;9.915258
135;1708625507441;-0.0738784;0.35084763;9.915857
136;1708625507640;-0.069391854;0.35473597;9.912866
137;1708625507840;-0.07537391;0.3493521;9.913763
138;1708625508040;-0.0735793;0.35204405;9.911968
139;1708625508241;-0.07447661;0.35353956;9.91496
140;1708625508440;-0.07208378;0.35503507;9.9140625
141;1708625508639;-0.06999006;0.35084763;9.913763
142;1708625508839;-0.072681986;0.35234314;9.910473
143;1708625509039;-0.0735793;0.35174492;9.913465
144;1708625509240;-0.071186475;0.35084763;9.912866
145;1708625509440;-0.07088737;0.34785658;9.912866
146;1708625509639;-0.0738784;0.35234314;9.912866
147;1708625509839;-0.07148558;0.35294133;9.91167
148;1708625510040;-0.072681986;0.35443684;9.910772
149;1708625510239;-0.0735793;0.35144582;9.910174
150;1708625510439;-0.07088737;0.35204405;9.910772
151;1708625510640;-0.071186475;0.3487539;9.912268
152;1708625510839;-0.07238288;0.35324043;9.907482
153;1708625511039;-0.07447661;0.35084763;9.91137
154;1708625511239;-0.07058827;0.35174492;9.911072
155;1708625511439;-0.06969096;0.35264224;9.913763
156;1708625511639;-0.07328019;0.35443684;9.914362
157;1708625511839;-0.069391854;0.35114673;9.911072
158;1708625512039;-0.070289165;0.34965122;9.911072
159;1708625512239;-0.07058827;0.35353956;9.91137
160;1708625512439;-0.072681986;0.35084763;9.91137
161;1708625512637;-0.06969096;0.3502494;9.913165
162;1708625512838;-0.07298109;0.35174492;9.912567
163;1708625513039;-0.068793654;0.35324043;9.913763
164;1708625513239;-0.072681986;0.35473597;9.91137
165;1708625513439;-0.0735793;0.35533416;9.9140625
166;1708625513639;-0.07058827;0.35294133;9.913165
167;1708625513838;-0.07477571;0.35204405;9.912866
168;1708625514039;-0.07178468;0.35593235;9.910473
169;1708625514238;-0.06969096;0.35114673;9.910473
170;1708625514438;-0.0741775;0.3493521;9.91167
171;1708625514638;-0.07208378;0.35234314;9.913165
172;1708625514838;-0.07148558;0.35234314;9.910174
173;1708625515037;-0.07238288;0.35234314;9.912268
174;1708625515238;-0.071186475;0.35294133;9.910772
175;1708625515438;-0.0738784;0.35294133;9.911072
176;1708625515637;-0.07088737;0.35682967;9.91167
177;1708625515838;-0.07178468;0.35324043;9.908679
178;1708625516038;-0.07178468;0.35383865;9.91167
179;1708625516237;-0.06909275;0.35174492;9.909575
180;1708625516438;-0.069391854;0.35413775;9.91167
181;1708625516637;-0.0738784;0.35234314;9.912866
182;1708625516837;-0.0735793;0.35383865;9.91137
183;1708625517038;-0.07208378;0.35114673;9.90838
184;1708625517237;-0.06849455;0.35174492;9.909277
185;1708625517437;-0.07058827;0.3502494;9.910473
186;1708625517637;-0.071186475;0.35294133;9.912866
187;1708625517837;-0.07238288;0.35294133;9.91137
188;1708625518037;-0.0741775;0.3502494;9.91137
189;1708625518236;-0.07238288;0.35353956;9.912268
190;1708625518436;-0.07208378;0.3493521;9.913165
191;1708625518636;-0.07058827;0.35383865;9.913165
192;1708625518837;-0.07058827;0.3505485;9.91167
193;1708625519036;-0.07208378;0.35084763;9.911072
194;1708625519236;-0.06999006;0.35413775;9.9140625
195;1708625519437;-0.07597212;0.35682967;9.91137
196;1708625519636;-0.07148558;0.34965122;9.91167
197;1708625519836;-0.070289165;0.35144582;9.91167
198;1708625520035;-0.07208378;0.35234314;9.912268
199;1708625520235;-0.071186475;0.35294133;9.910174
200;1708625520436;-0.07298109;0.35503507;9.912268
201;1708625520635;-0.06969096;0.35144582;9.908679
202;1708625520836;-0.071186475;0.35234314;9.913165
203;1708625521035;-0.07477571;0.35383865;9.910772
204;1708625521236;-0.07178468;0.35294133;9.912567
205;1708625521435;-0.07148558;0.3505485;9.909875
206;1708625521635;-0.072681986;0.35144582;9.91167
207;1708625521836;-0.07328019;0.3505485;9.913165
208;1708625522035;-0.0735793;0.35204405;9.909875
209;1708625522234;-0.07088737;0.3502494;9.912866
210;1708625522435;-0.07328019;0.35294133;9.912268
211;1708625522633;-0.07238288;0.35234314;9.911072
212;1708625522835;-0.06999006;0.35084763;9.912268
213;1708625523035;-0.07238288;0.35413775;9.911968
214;1708625523235;-0.07088737;0.35413775;9.910174
215;1708625523435;-0.07208378;0.35114673;9.9089775
216;1708625523635;-0.07178468;0.35413775;9.91137
217;1708625523835;-0.07238288;0.35443684;9.91137
218;1708625524034;-0.0741775;0.35623148;9.91167
219;1708625524235;-0.07328019;0.3493521;9.909875
220;1708625524434;-0.071186475;0.3505485;9.911072
221;1708625524633;-0.07148558;0.35084763;9.912866
222;1708625524835;-0.071186475;0.34965122;9.91167
223;1708625525034;-0.07238288;0.35114673;9.909575
224;1708625525232;-0.06969096;0.35114673;9.91167
225;1708625525432;-0.06849455;0.35294133;9.909277
226;1708625525632;-0.069391854;0.35294133;9.913763
227;1708625525833;-0.07088737;0.35383865;9.91167
228;1708625526034;-0.068793654;0.35144582;9.911968
229;1708625526234;-0.068793654;0.35353956;9.911968
230;1708625526434;-0.06729814;0.35234314;9.911968
231;1708625526634;-0.07148558;0.35324043;9.912268
232;1708625526834;-0.07088737;0.35084763;9.912268
233;1708625527033;-0.07298109;0.35204405;9.91167
234;1708625527233;-0.071186475;0.35473597;9.910473
235;1708625527434;-0.07178468;0.3502494;9.914362
236;1708625527635;-0.071186475;0.3502494;9.913465
237;1708625527833;-0.066400826;0.3493521;9.910473
238;1708625528033;-0.072681986;0.349053;9.913763
239;1708625528233;-0.069391854;0.35264224;9.915258
240;1708625528433;-0.072681986;0.35503507;9.913465
241;1708625528633;-0.071186475;0.34965122;9.912866
242;1708625528832;-0.07328019;0.35563326;9.912866
243;1708625529033;-0.07477571;0.35234314;9.912866
244;1708625529233;-0.07148558;0.35204405;9.913465
245;1708625529432;-0.07178468;0.35144582;9.913465
246;1708625529632;-0.07328019;0.35144582;9.91466
247;1708625529831;-0.06909275;0.35593235;9.91496
248;1708625530033;-0.07447661;0.35174492;9.916755
249;1708625530233;-0.06729814;0.35413775;9.9140625
250;1708625530432;-0.07088737;0.3499503;9.913465
251;1708625530631;-0.072681986;0.35084763;9.913763
252;1708625530833;-0.07178468;0.35204405;9.914362
253;1708625531032;-0.07208378;0.34965122;9.912866
254;1708625531232;-0.07178468;0.35144582;9.9140625
255;1708625531432;-0.070289165;0.3502494;9.912567
256;1708625531632;-0.07328019;0.35174492;9.913165
257;1708625531831;-0.07238288;0.35563326;9.91167
258;1708625532032;-0.06819545;0.35084763;9.910772
259;1708625532231;-0.06999006;0.3502494;9.912866
260;1708625532431;-0.07238288;0.35174492;9.915258
261;1708625532631;-0.0741775;0.35204405;9.913165
262;1708625532831;-0.071186475;0.35204405;9.912567
263;1708625533031;-0.07058827;0.35174492;9.909875
264;1708625533231;-0.0735793;0.35234314;9.91137
265;1708625533431;-0.06969096;0.35174492;9.911968
266;1708625533631;-0.0741775;0.35204405;9.911072
267;1708625533831;-0.07148558;0.35413775;9.912268
268;1708625534031;-0.071186475;0.35533416;9.9140625
269;1708625534230;-0.06999006;0.35204405;9.912567
270;1708625534431;-0.07178468;0.35503507;9.9089775
271;1708625534631;-0.069391854;0.35114673;9.910174
272;1708625534831;-0.072681986;0.35204405;9.912866
273;1708625535031;-0.071186475;0.35443684;9.913465
274;1708625535231;-0.06999006;0.35204405;9.909575
275;1708625535430;-0.071186475;0.35294133;9.9140625
276;1708625535630;-0.06909275;0.35114673;9.913165
277;1708625535830;-0.06999006;0.35324043;9.91137
278;1708625536029;-0.0735793;0.3499503;9.912567
279;1708625536230;-0.07148558;0.35324043;9.910772
280;1708625536430;-0.07088737;0.35443684;9.912866
281;1708625536629;-0.07298109;0.3499503;9.913763
282;1708625536830;-0.06909275;0.35084763;9.912268
283;1708625537030;-0.072681986;0.35234314;9.912567
284;1708625537230;-0.069391854;0.35533416;9.909875
285;1708625537431;-0.070289165;0.35234314;9.912866
286;1708625537630;-0.070289165;0.35324043;9.911968
287;1708625537829;-0.066400826;0.35234314;9.911072
288;1708625538029;-0.06999006;0.35234314;9.912567
289;1708625538230;-0.069391854;0.35324043;9.910174
290;1708625538429;-0.071186475;0.35383865;9.913165
291;1708625538630;-0.06849455;0.35204405;9.910174
292;1708625538829;-0.07058827;0.35413775;9.91167
293;1708625539029;-0.06909275;0.35324043;9.910772
294;1708625539229;-0.07328019;0.35264224;9.913465
295;1708625539429;-0.06969096;0.35473597;9.912567
296;1708625539628;-0.06999006;0.35174492;9.912866
297;1708625539829;-0.070289165;0.35383865;9.911072
298;1708625540029;-0.07178468;0.35204405;9.91167
299;1708625540228;-0.070289165;0.35294133;9.912866
300;1708625540429;-0.06759724;0.35443684;9.911968
301;1708625540628;-0.06969096;0.35234314;9.909277
302;1708625540828;-0.07058827;0.35623148;9.91167
303;1708625541029;-0.06819545;0.35204405;9.911968
304;1708625541228;-0.07058827;0.35353956;9.913165
305;1708625541429;-0.06759724;0.35503507;9.910772
306;1708625541628;-0.06849455;0.3505485;9.911968
307;1708625541828;-0.07088737;0.35443684;9.91137
308;1708625542028;-0.070289165;0.35144582;9.911968
309;1708625542228;-0.06969096;0.35204405;9.91137
310;1708625542428;-0.07088737;0.35383865;9.911072
311;1708625542627;-0.072681986;0.35114673;9.910473
312;1708625542828;-0.07148558;0.35234314;9.913165
313;1708625543027;-0.06909275;0.35353956;9.91137
314;1708625543227;-0.07058827;0.35413775;9.910772
315;1708625543428;-0.070289165;0.35234314;9.910473
316;1708625543627;-0.068793654;0.35234314;9.913465
317;1708625543826;-0.069391854;0.35144582;9.909277
318;1708625544028;-0.07148558;0.3499503;9.913465
319;1708625544227;-0.07238288;0.35204405;9.909875
320;1708625544426;-0.075673014;0.35204405;9.913165
321;1708625544632;-0.067896344;0.35413775;9.910473
322;1708625544827;-0.06819545;0.35383865;9.90838
323;1708625545027;-0.06819545;0.3484548;9.909575
324;1708625545227;-0.07058827;0.35264224;9.912567
325;1708625545427;-0.071186475;0.35204405;9.912866
326;1708625545626;-0.06999006;0.35234314;9.910772
327;1708625545826;-0.071186475;0.35593235;9.91167
328;1708625546027;-0.06969096;0.35383865;9.911968
329;1708625546226;-0.070289165;0.35144582;9.91167
330;1708625546426;-0.07058827;0.35473597;9.913763
331;1708625546626;-0.07148558;0.35443684;9.912866
332;1708625546826;-0.07088737;0.35443684;9.915558
333;1708625547026;-0.07088737;0.35353956;9.91137
334;1708625547226;-0.06849455;0.35413775;9.910174
335;1708625547426;-0.07238288;0.35443684;9.91167
336;1708625547625;-0.07148558;0.3499503;9.911072
337;1708625547826;-0.068793654;0.35174492;9.91496
338;1708625548026;-0.07238288;0.35114673;9.911968
339;1708625548226;-0.07148558;0.35383865;9.909875
340;1708625548426;-0.06759724;0.35413775;9.91167
341;1708625548625;-0.07058827;0.35234314;9.9089775
342;1708625548826;-0.07088737;0.35473597;9.909575
343;1708625549026;-0.069391854;0.3487539;9.910473
344;1708625549225;-0.070289165;0.35324043;9.912567
345;1708625549426;-0.071186475;0.35144582;9.912866
346;1708625549625;-0.07178468;0.35294133;9.911072
347;1708625549825;-0.07298109;0.3505485;9.91167
348;1708625550025;-0.07178468;0.35324043;9.912866
349;1708625550225;-0.07298109;0.35503507;9.912268
350;1708625550425;-0.070289165;0.35324043;9.911072
351;1708625550625;-0.06999006;0.35353956;9.912567
352;1708625550826;-0.070289165;0.35264224;9.912866
353;1708625551025;-0.070289165;0.35114673;9.909875
354;1708625551225;-0.06999006;0.35294133;9.912866
355;1708625551425;-0.07088737;0.35234314;9.912866
356;1708625551624;-0.070289165;0.35473597;9.911072
357;1708625551824;-0.07537391;0.35324043;9.910174
358;1708625552024;-0.06969096;0.35443684;9.9089775
359;1708625552224;-0.06819545;0.35174492;9.90838
360;1708625552424;-0.069391854;0.35413775;9.90838
361;1708625552625;-0.07148558;0.35324043;9.912567
362;1708625552824;-0.06969096;0.35174492;9.910174
363;1708625553024;-0.07178468;0.35114673;9.910174
364;1708625553224;-0.07088737;0.35443684;9.90838
365;1708625553422;-0.06819545;0.3493521;9.912866
366;1708625553624;-0.06669993;0.3505485;9.912567
367;1708625553824;-0.069391854;0.35144582;9.910772
368;1708625554023;-0.071186475;0.35353956;9.913465
369;1708625554224;-0.066400826;0.35353956;9.91167
370;1708625554424;-0.06669993;0.35324043;9.909575
371;1708625554623;-0.071186475;0.35443684;9.911968
372;1708625554824;-0.0738784;0.3502494;9.910473
373;1708625555023;-0.07178468;0.35174492;9.912567
374;1708625555222;-0.07088737;0.35144582;9.91167
375;1708625555424;-0.071186475;0.35204405;9.913763
376;1708625555622;-0.06999006;0.3487539;9.909875
377;1708625555822;-0.07178468;0.35234314;9.913763
378;1708625556023;-0.07058827;0.35204405;9.913165
379;1708625556221;-0.07447661;0.35264224;9.91496
380;1708625556423;-0.07328019;0.35264224;9.911072
381;1708625556623;-0.071186475;0.35234314;9.912268
382;1708625556823;-0.07058827;0.35443684;9.911968
383;1708625557023;-0.06909275;0.35413775;9.911072
384;1708625557222;-0.06999006;0.35473597;9.913763
385;1708625557423;-0.070289165;0.35174492;9.91496
386;1708625557622;-0.067896344;0.35144582;9.91496
387;1708625557823;-0.07208378;0.35114673;9.913465
388;1708625558022;-0.06849455;0.3499503;9.915258
389;1708625558222;-0.07238288;0.3502494;9.913763
390;1708625558423;-0.070289165;0.35503507;9.915857
391;1708625558626;-0.0735793;0.35084763;9.917053
392;1708625558822;-0.06909275;0.35473597;9.916455
393;1708625559022;-0.07447661;0.35084763;9.913165
394;1708625559222;-0.07178468;0.35473597;9.915857
395;1708625559422;-0.07298109;0.35084763;9.915258
396;1708625559622;-0.07298109;0.35114673;9.91466
397;1708625559822;-0.0735793;0.35234314;9.915258
398;1708625560021;-0.06849455;0.35264224;9.916455
399;1708625560222;-0.07058827;0.35443684;9.912866
400;1708625560422;-0.07238288;0.349053;9.914362
401;1708625560621;-0.0741775;0.35383865;9.912866
402;1708625560821;-0.07088737;0.3499503;9.913465
403;1708625561021;-0.0738784;0.35144582;9.917053
404;1708625561221;-0.06969096;0.35353956;9.91466
405;1708625561421;-0.07298109;0.35264224;9.913763
406;1708625561621;-0.07208378;0.35353956;9.91466
407;1708625561821;-0.0735793;0.35144582;9.913763
408;1708625562021;-0.07477571;0.35084763;9.913465
409;1708625562221;-0.07328019;0.35174492;9.911072
410;1708625562420;-0.07298109;0.35204405;9.911968
411;1708625562621;-0.07088737;0.35413775;9.914362
412;1708625562820;-0.072681986;0.35204405;9.913763
413;1708625563020;-0.0735793;0.34606197;9.911968
414;1708625563220;-0.070289165;0.35324043;9.91466
415;1708625563421;-0.071186475;0.35174492;9.91496
416;1708625563620;-0.0738784;0.35114673;9.914362
417;1708625563820;-0.0738784;0.35204405;9.91167
418;1708625564020;-0.07088737;0.35204405;9.912866
419;1708625564219;-0.070289165;0.3505485;9.91137
420;1708625564419;-0.070289165;0.35084763;9.913165
421;1708625564621;-0.07148558;0.35114673;9.910473
422;1708625564819;-0.0738784;0.35144582;9.91167
423;1708625565020;-0.07148558;0.3505485;9.912268
424;1708625565219;-0.07447661;0.3502494;9.91167
425;1708625565419;-0.0741775;0.35204405;9.91167
426;1708625565622;-0.07178468;0.35324043;9.909277
427;1708625565819;-0.07447661;0.35383865;9.9140625
428;1708625566019;-0.07298109;0.35563326;9.91167
429;1708625566221;-0.06909275;0.35114673;9.915258
430;1708625566419;-0.071186475;0.35264224;9.912268
431;1708625566619;-0.07148558;0.3505485;9.909575
432;1708625566819;-0.07447661;0.35204405;9.912567
433;1708625567019;-0.07208378;0.35264224;9.913763
434;1708625567219;-0.07507481;0.35264224;9.913165
435;1708625567419;-0.071186475;0.3502494;9.915558
436;1708625567619;-0.0735793;0.3502494;9.915558
437;1708625567819;-0.07238288;0.35144582;9.9140625
438;1708625568019;-0.07148558;0.35144582;9.91137
439;1708625568218;-0.070289165;0.3505485;9.909575
440;1708625568419;-0.070289165;0.35294133;9.910473
441;1708625568617;-0.07058827;0.3481557;9.910473
442;1708625568818;-0.07088737;0.34965122;9.91466
443;1708625569018;-0.07208378;0.35114673;9.91137
444;1708625569218;-0.06819545;0.35234314;9.911968
445;1708625569418;-0.06969096;0.35114673;9.910772
446;1708625569619;-0.06999006;0.35144582;9.912567
447;1708625569818;-0.071186475;0.34965122;9.912567
448;1708625570018;-0.071186475;0.3505485;9.910473
449;1708625570218;-0.06999006;0.3475575;9.912866
450;1708625570418;-0.06909275;0.35084763;9.912866
451;1708625570616;-0.06969096;0.35413775;9.909277
452;1708625570817;-0.0735793;0.349053;9.910772
453;1708625571018;-0.07208378;0.35144582;9.9089775
454;1708625571218;-0.0738784;0.35144582;9.913763
455;1708625571417;-0.07238288;0.34965122;9.910772
456;1708625571617;-0.072681986;0.3493521;9.911072
457;1708625571817;-0.07208378;0.3502494;9.910473
458;1708625572017;-0.071186475;0.35144582;9.912567
459;1708625572217;-0.070289165;0.3487539;9.91167
460;1708625572417;-0.071186475;0.35204405;9.91137
461;1708625572617;-0.06969096;0.35144582;9.911968
462;1708625572817;-0.07058827;0.3499503;9.913763
463;1708625573017;-0.07058827;0.3499503;9.912567
464;1708625573216;-0.06849455;0.35204405;9.912567
465;1708625573417;-0.06999006;0.3502494;9.912268
466;1708625573617;-0.07298109;0.3505485;9.911968
467;1708625573816;-0.07148558;0.34965122;9.913465
468;1708625574017;-0.06999006;0.3505485;9.910772
469;1708625574216;-0.07088737;0.3499503;9.912567
470;1708625574416;-0.0735793;0.3493521;9.912866
471;1708625574616;-0.07148558;0.35174492;9.912866
472;1708625574816;-0.07088737;0.35114673;9.911968
473;1708625575016;-0.06999006;0.3481557;9.914362
474;1708625575216;-0.0738784;0.35084763;9.913763
475;1708625575416;-0.06699903;0.35114673;9.911072
476;1708625575615;-0.07088737;0.34965122;9.913165
477;1708625575816;-0.071186475;0.35114673;9.911072
478;1708625576014;-0.06999006;0.35144582;9.912866
479;1708625576215;-0.07208378;0.35264224;9.912268
480;1708625576414;-0.069391854;0.3499503;9.911072
481;1708625576617;-0.07208378;0.3499503;9.911968
482;1708625576815;-0.0735793;0.35174492;9.911072
483;1708625577015;-0.07178468;0.3484548;9.910473
484;1708625577215;-0.06999006;0.35144582;9.912866
485;1708625577415;-0.07058827;0.35383865;9.910473
486;1708625577616;-0.07088737;0.3481557;9.913465
487;1708625577815;-0.07298109;0.3493521;9.9089775
488;1708625578015;-0.06849455;0.35204405;9.910473
489;1708625578215;-0.07238288;0.35144582;9.912567
490;1708625578414;-0.07058827;0.35144582;9.913465
491;1708625578615;-0.07178468;0.35204405;9.912567
492;1708625578815;-0.07298109;0.3493521;9.91137
493;1708625579014;-0.070289165;0.34965122;9.91167
494;1708625579214;-0.072681986;0.35204405;9.911968
495;1708625579415;-0.0735793;0.3502494;9.912567
496;1708625579615;-0.07058827;0.35174492;9.913165
497;1708625579813;-0.07088737;0.34965122;9.910473
498;1708625580014;-0.07328019;0.35174492;9.910473
499;1708625580214;-0.0741775;0.35084763;9.91167
500;1708625580414;-0.07238288;0.35324043;9.913465
501;1708625580613;-0.06849455;0.3505485;9.911072
502;1708625580815;-0.07597212;0.3487539;9.9140625
503;1708625581014;-0.07088737;0.35204405;9.913165
504;1708625581214;-0.07208378;0.35473597;9.91137
505;1708625581414;-0.0735793;0.3505485;9.911072
506;1708625581614;-0.07298109;0.35563326;9.913465
507;1708625581814;-0.06909275;0.35264224;9.910772
508;1708625582013;-0.07148558;0.35383865;9.912268
509;1708625582214;-0.07058827;0.34666017;9.91466
510;1708625582414;-0.070289165;0.35682967;9.913465
511;1708625582614;-0.06759724;0.3484548;9.909575
512;1708625582813;-0.06909275;0.349053;9.916455
513;1708625583013;-0.06999006;0.34516466;9.905687
514;1708625583213;-0.06460621;0.3475575;9.907782
515;1708625583412;-0.070289165;0.34666017;9.912866
516;1708625583614;-0.06969096;0.3481557;9.909575
517;1708625583813;-0.07088737;0.35084763;9.912866
518;1708625584012;-0.06909275;0.35084763;9.9140625
519;1708625584213;-0.07298109;0.35144582;9.91167
520;1708625584413;-0.07238288;0.35234314;9.912866
521;1708625584614;-0.06999006;0.35563326;9.909575
522;1708625584812;-0.06909275;0.35144582;9.911968
523;1708625585012;-0.07238288;0.35114673;9.913165
524;1708625585212;-0.06999006;0.35294133;9.912567
525;1708625585412;-0.06819545;0.3502494;9.910473
526;1708625585613;-0.07058827;0.35204405;9.911072
527;1708625585812;-0.06849455;0.35264224;9.912268
528;1708625586012;-0.068793654;0.35473597;9.911072
529;1708625586212;-0.07178468;0.35144582;9.910473
530;1708625586412;-0.07088737;0.35174492;9.91137
531;1708625586612;-0.06909275;0.35234314;9.910772
532;1708625586812;-0.06849455;0.3499503;9.91167
533;1708625587011;-0.06849455;0.3505485;9.910473
534;1708625587212;-0.07148558;0.35234314;9.909875
535;1708625587412;-0.07238288;0.35294133;9.90838
536;1708625587610;-0.07178468;0.35294133;9.909875
537;1708625587812;-0.06909275;0.3493521;9.912268
538;1708625588011;-0.070289165;0.3502494;9.912567
539;1708625588211;-0.071186475;0.3505485;9.911072
540;1708625588411;-0.0738784;0.35413775;9.912567
541;1708625588611;-0.06999006;0.35443684;9.906884
542;1708625588810;-0.07178468;0.3505485;9.912567
543;1708625589011;-0.07238288;0.35204405;9.91137
544;1708625589212;-0.06969096;0.35114673;9.91137
545;1708625589411;-0.0738784;0.3493521;9.914362
546;1708625589611;-0.06999006;0.35144582;9.910174
547;1708625589811;-0.06580263;0.35294133;9.90808
548;1708625590011;-0.071186475;0.35324043;9.911072
549;1708625590210;-0.0741775;0.35383865;9.910473
550;1708625590411;-0.07298109;0.35324043;9.913465
551;1708625590610;-0.069391854;0.35473597;9.909277
552;1708625590811;-0.0741775;0.34965122;9.911968
553;1708625591010;-0.07058827;0.35563326;9.913465
554;1708625591210;-0.07058827;0.349053;9.9089775
555;1708625591410;-0.07088737;0.35204405;9.911072
556;1708625591610;-0.07178468;0.3499503;9.912268
557;1708625591810;-0.06999006;0.35294133;9.913763
558;1708625592010;-0.07058827;0.349053;9.911072
559;1708625592210;-0.07088737;0.35682967;9.911968
560;1708625592410;-0.07447661;0.3475575;9.913165
561;1708625592610;-0.07238288;0.35353956;9.912567
562;1708625592810;-0.072681986;0.35114673;9.912567
563;1708625593010;-0.071186475;0.35084763;9.910174
564;1708625593210;-0.06969096;0.3475575;9.912866
565;1708625593409;-0.0738784;0.35084763;9.913465
566;1708625593609;-0.06759724;0.35413775;9.910174
567;1708625593809;-0.07208378;0.35294133;9.910473
568;1708625594009;-0.07238288;0.35144582;9.912268
569;1708625594209;-0.07298109;0.35144582;9.91496
570;1708625594409;-0.06969096;0.35234314;9.910772
571;1708625594609;-0.06669993;0.3502494;9.913165
572;1708625594809;-0.071186475;0.35114673;9.91137
573;1708625595008;-0.07058827;0.35503507;9.910772
574;1708625595208;-0.06849455;0.34965122;9.911072
575;1708625595409;-0.07148558;0.3505485;9.91137
576;1708625595609;-0.072681986;0.35443684;9.910473
577;1708625595809;-0.071186475;0.35294133;9.911968
578;1708625596008;-0.07088737;0.3505485;9.91466
579;1708625596209;-0.07148558;0.35234314;9.908679
580;1708625596408;-0.0735793;0.35294133;9.91167
581;1708625596608;-0.070289165;0.35383865;9.909875
582;1708625596808;-0.07088737;0.35413775;9.912268
583;1708625597008;-0.07477571;0.34965122;9.909277
584;1708625597208;-0.07148558;0.35174492;9.910772
585;1708625597408;-0.067896344;0.35174492;9.911968
586;1708625597607;-0.06849455;0.35084763;9.9140625
587;1708625597808;-0.07088737;0.35264224;9.911968
588;1708625598008;-0.06819545;0.35114673;9.912567
589;1708625598208;-0.07148558;0.35084763;9.912268
590;1708625598407;-0.068793654;0.35294133;9.912866
591;1708625598607;-0.07148558;0.35383865;9.907183
592;1708625598808;-0.072681986;0.35473597;9.911968
593;1708625599007;-0.071186475;0.35144582;9.910772
594;1708625599207;-0.07328019;0.35144582;9.910772
595;1708625599407;-0.07328019;0.349053;9.912866
596;1708625599607;-0.07058827;0.35114673;9.910772
597;1708625599807;-0.07238288;0.3499503;9.911968
598;1708625600007;-0.070289165;0.35114673;9.910174
599;1708625600207;-0.07088737;0.34965122;9.910473
600;1708625600407;-0.070289165;0.35264224;9.913763
601;1708625600607;-0.071186475;0.35114673;9.912567
602;1708625600807;-0.07058827;0.35204405;9.9089775
603;1708625601007;-0.0735793;0.3505485;9.909875
604;1708625601206;-0.06999006;0.3493521;9.912866
605;1708625601407;-0.070289165;0.35234314;9.91167
606;1708625601606;-0.07148558;0.35204405;9.912866
607;1708625601807;-0.07178468;0.35204405;9.912268
608;1708625602007;-0.0741775;0.35144582;9.912268
609;1708625602206;-0.07178468;0.34965122;9.91167
610;1708625602407;-0.071186475;0.349053;9.91137
611;1708625602606;-0.069391854;0.35234314;9.909875
612;1708625602806;-0.07208378;0.35204405;9.913165
613;1708625603006;-0.06909275;0.35234314;9.910174
614;1708625603208;-0.07148558;0.3505485;9.910174
615;1708625603406;-0.071186475;0.35324043;9.912866
616;1708625603606;-0.07088737;0.3493521;9.91167
617;1708625603804;-0.07088737;0.35204405;9.909875
618;1708625604006;-0.072681986;0.35234314;9.913763
619;1708625604206;-0.069391854;0.35204405;9.909875
620;1708625604406;-0.06969096;0.35144582;9.911072
621;1708625604606;-0.070289165;0.35114673;9.913165
622;1708625604805;-0.071186475;0.3493521;9.909875
623;1708625605006;-0.07058827;0.34965122;9.912567
624;1708625605205;-0.07178468;0.35593235;9.90838
625;1708625605405;-0.0741775;0.3505485;9.909277
626;1708625605605;-0.07298109;0.35204405;9.910772
627;1708625605804;-0.071186475;0.35353956;9.91167
628;1708625606005;-0.07088737;0.35324043;9.9089775
629;1708625606206;-0.07148558;0.35084763;9.911072
630;1708625606404;-0.07238288;0.35413775;9.911968
631;1708625606604;-0.07447661;0.3505485;9.914362
632;1708625606804;-0.068793654;0.35114673;9.909277
633;1708625607004;-0.06520442;0.34666017;9.909575
634;1708625607205;-0.06909275;0.34636107;9.909575
635;1708625607404;-0.07238288;0.34785658;9.912567
636;1708625607605;-0.06849455;0.35084763;9.911968
637;1708625607804;-0.066400826;0.35593235;9.910174
638;1708625608004;-0.07088737;0.34785658;9.913165
639;1708625608204;-0.07148558;0.35144582;9.911072
640;1708625608404;-0.06969096;0.35294133;9.909277
641;1708625608604;-0.07238288;0.35204405;9.912866
642;1708625608804;-0.07178468;0.35234314;9.91167
643;1708625609003;-0.070289165;0.35473597;9.914362
644;1708625609203;-0.07208378;0.35264224;9.913165
645;1708625609403;-0.067896344;0.35234314;9.906285
646;1708625609604;-0.071186475;0.35114673;9.912866
647;1708625609803;-0.07058827;0.35174492;9.91167
648;1708625610003;-0.06909275;0.35294133;9.91137
649;1708625610203;-0.07088737;0.35234314;9.910174
650;1708625610404;-0.07208378;0.35084763;9.909875
651;1708625610603;-0.07088737;0.35234314;9.91466
652;1708625610802;-0.06759724;0.35473597;9.911072
653;1708625611002;-0.071186475;0.35114673;9.910473
654;1708625611203;-0.06759724;0.3502494;9.910772
655;1708625611403;-0.07208378;0.35563326;9.912268
656;1708625611603;-0.06759724;0.35294133;9.910473
657;1708625611803;-0.07178468;0.35324043;9.910174
658;1708625612002;-0.0735793;0.35144582;9.911968
659;1708625612202;-0.07088737;0.3505485;9.911072
660;1708625612402;-0.07208378;0.35294133;9.912567
661;1708625612602;-0.07088737;0.35563326;9.915558
662;1708625612802;-0.07058827;0.35563326;9.911072
663;1708625613002;-0.06849455;0.35593235;9.91137
664;1708625613203;-0.07328019;0.35264224;9.912268
665;1708625613403;-0.06999006;0.3502494;9.910174
666;1708625613602;-0.07328019;0.35443684;9.91167
667;1708625613802;-0.0735793;0.35324043;9.912268
668;1708625614001;-0.07238288;0.35234314;9.913763
669;1708625614202;-0.071186475;0.35084763;9.909277
670;1708625614402;-0.06969096;0.3499503;9.909875
671;1708625614602;-0.07328019;0.35084763;9.911968
672;1708625614801;-0.07208378;0.34965122;9.910174
673;1708625615001;-0.0738784;0.349053;9.912866
674;1708625615201;-0.07208378;0.3499503;9.910174
675;1708625615401;-0.06759724;0.34636107;9.91167
676;1708625615602;-0.069391854;0.3469593;9.913465
677;1708625615801;-0.067896344;0.3472584;9.910473
678;1708625616002;-0.06759724;0.34666017;9.909277
679;1708625616199;-0.06759724;0.34606197;9.912866
680;1708625616407;-0.068793654;0.34606197;9.910473
681;1708625616602;-0.069391854;0.3481557;9.909277
682;1708625616801;-0.06759724;0.34785658;9.91167
683;1708625617001;-0.06909275;0.34606197;9.911968
684;1708625617200;-0.06580263;0.34636107;9.912567
685;1708625617401;-0.068793654;0.34785658;9.910473
686;1708625617600;-0.067896344;0.3475575;9.91137
687;1708625617800;-0.06729814;0.3499503;9.912567
688;1708625618000;-0.07058827;0.34067813;9.910473
689;1708625618199;-0.06819545;0.3499503;9.910473
690;1708625618400;-0.06819545;0.3499503;9.913465
691;1708625618600;-0.06849455;0.34546378;9.913165
692;1708625618800;-0.067896344;0.34666017;9.910174
693;1708625619000;-0.06999006;0.349053;9.913763
694;1708625619200;-0.06849455;0.34636107;9.912866
695;1708625619399;-0.06969096;0.3475575;9.90838
696;1708625619600;-0.067896344;0.34666017;9.911968
697;1708625619800;-0.06819545;0.3484548;9.91466
698;1708625619999;-0.07088737;0.3481557;9.91137
699;1708625620200;-0.068793654;0.3469593;9.910473
700;1708625620400;-0.07088737;0.34636107;9.910772
701;1708625620599;-0.07058827;0.3472584;9.913465
702;1708625620800;-0.06610172;0.3475575;9.91496
703;1708625621000;-0.06909275;0.34456646;9.910772
704;1708625621199;-0.06819545;0.34666017;9.91466
705;1708625621400;-0.06550352;0.34576288;9.912268
706;1708625621598;-0.06969096;0.34785658;9.912866
707;1708625621805;-0.07058827;0.3469593;9.91137
708;1708625621999;-0.06759724;0.34576288;9.912567
709;1708625622199;-0.071186475;0.3481557;9.9140625
710;1708625622398;-0.0741775;0.3487539;9.912866
711;1708625622599;-0.0735793;0.34576288;9.909277
712;1708625622799;-0.068793654;0.3502494;9.911072
713;1708625622998;-0.07148558;0.34785658;9.910174
714;1708625623199;-0.07298109;0.3484548;9.909277
715;1708625623398;-0.07477571;0.3484548;9.910772
716;1708625623598;-0.070289165;0.3505485;9.911968
717;1708625623798;-0.070289165;0.3484548;9.911968
718;1708625623998;-0.07238288;0.349053;9.91137
719;1708625624198;-0.07238288;0.34546378;9.909575
720;1708625624398;-0.07328019;0.35264224;9.907482
721;1708625624598;-0.07088737;0.3472584;9.912567
722;1708625624798;-0.072681986;0.35114673;9.91137
723;1708625624998;-0.07238288;0.3499503;9.912866
724;1708625625198;-0.0735793;0.3502494;9.9140625
725;1708625625398;-0.07178468;0.34546378;9.91167
726;1708625625597;-0.0738784;0.35533416;9.919446
727;1708625625798;-0.066400826;0.3502494;9.904491
728;1708625625997;-0.06759724;0.3394817;9.910174
729;1708625626198;-0.070289165;0.34486556;9.913165
730;1708625626398;-0.06819545;0.3481557;9.910174
731;1708625626597;-0.06759724;0.34666017;9.912567
732;1708625626797;-0.067896344;0.34456646;9.913165
733;1708625626997;-0.070289165;0.34785658;9.910174
734;1708625627197;-0.068793654;0.34576288;9.910473
735;1708625627398;-0.06909275;0.34486556;9.912268
736;1708625627597;-0.07178468;0.34606197;9.912567
737;1708625627797;-0.070289165;0.3484548;9.91167
738;1708625627997;-0.070289165;0.3472584;9.910772
739;1708625628197;-0.068793654;0.3487539;9.909277
740;1708625628396;-0.06819545;0.34636107;9.912268
741;1708625628597;-0.067896344;0.34546378;9.909277
742;1708625628797;-0.07148558;0.34546378;9.908679
743;1708625628996;-0.06669993;0.3487539;9.911968
744;1708625629197;-0.06969096;0.34486556;9.912567
745;1708625629397;-0.06580263;0.34965122;9.9089775
746;1708625629595;-0.06849455;0.34965122;9.91137
747;1708625629795;-0.06969096;0.34636107;9.91137
748;1708625629996;-0.06909275;0.34666017;9.911968
749;1708625630195;-0.06909275;0.3469593;9.91137
750;1708625630396;-0.06759724;0.3469593;9.911968
751;1708625630596;-0.06669993;0.34456646;9.91167
752;1708625630795;-0.06819545;0.3502494;9.909575
753;1708625630995;-0.069391854;0.3469593;9.912268
754;1708625631195;-0.06849455;0.34636107;9.9140625
755;1708625631395;-0.06909275;0.34606197;9.912567
756;1708625631595;-0.070289165;0.34576288;9.909875
757;1708625631795;-0.06699903;0.34606197;9.913165
758;1708625631995;-0.06969096;0.34576288;9.910174
759;1708625632195;-0.07088737;0.34396824;9.9140625
760;1708625632395;-0.06819545;0.34606197;9.915857
761;1708625632595;-0.07058827;0.3475575;9.912866
762;1708625632794;-0.06699903;0.34217364;9.91137
763;1708625632994;-0.066400826;0.34636107;9.910174
764;1708625633194;-0.071186475;0.34516466;9.9089775
765;1708625633394;-0.068793654;0.34785658;9.91167
766;1708625633595;-0.06759724;0.34576288;9.911968
767;1708625633794;-0.06909275;0.34486556;9.91137
768;1708625633995;-0.071186475;0.34636107;9.9089775
769;1708625634194;-0.06729814;0.34486556;9.910473
770;1708625634394;-0.06699903;0.34456646;9.909277
771;1708625634594;-0.06849455;0.34576288;9.910174
772;1708625634794;-0.068793654;0.34606197;9.912866
773;1708625634994;-0.06819545;0.3487539;9.910174
774;1708625635193;-0.06969096;0.34666017;9.911968
775;1708625635394;-0.070289165;0.3469593;9.91137
776;1708625635594;-0.06759724;0.3472584;9.909277
777;1708625635794;-0.07208378;0.34426737;9.91137
778;1708625635994;-0.06909275;0.3469593;9.908679
779;1708625636194;-0.06729814;0.34576288;9.91167
780;1708625636392;-0.068793654;0.34636107;9.91167
781;1708625636593;-0.06580263;0.3472584;9.910174
782;1708625636793;-0.06969096;0.34546378;9.912268
783;1708625636994;-0.06759724;0.34546378;9.910772
784;1708625637194;-0.068793654;0.34606197;9.911968
785;1708625637393;-0.067896344;0.3472584;9.911072
786;1708625637593;-0.068793654;0.34516466;9.911072
787;1708625637793;-0.071186475;0.34426737;9.911968
788;1708625637993;-0.06759724;0.3481557;9.912866
789;1708625638192;-0.070289165;0.34516466;9.910772
790;1708625638393;-0.06819545;0.34426737;9.909575
791;1708625638593;-0.06909275;0.34456646;9.913165
792;1708625638794;-0.068793654;0.34606197;9.913165
793;1708625638993;-0.07148558;0.34606197;9.913465
794;1708625639192;-0.06729814;0.3472584;9.913165
795;1708625639393;-0.067896344;0.34546378;9.913763
796;1708625639593;-0.06759724;0.34576288;9.912567
797;1708625639792;-0.071186475;0.3469593;9.910772
798;1708625639993;-0.071186475;0.34516466;9.912567
799;1708625640192;-0.06430711;0.34666017;9.912268
800;1708625640392;-0.06909275;0.34546378;9.91466
801;1708625640592;-0.06669993;0.3484548;9.914362
802;1708625640792;-0.06759724;0.34426737;9.913165
803;1708625640992;-0.06729814;0.3487539;9.911072
804;1708625641192;-0.067896344;0.3493521;9.915857
805;1708625641392;-0.06999006;0.34217364;9.910473
806;1708625641591;-0.06999006;0.34606197;9.910772
807;1708625641791;-0.06819545;0.3499503;9.912567
808;1708625641991;-0.07208378;0.35204405;9.912268
809;1708625642191;-0.07178468;0.3505485;9.915258
810;1708625642390;-0.06999006;0.349053;9.910473
811;1708625642592;-0.06969096;0.3484548;9.91496
812;1708625642791;-0.06999006;0.35353956;9.9140625
813;1708625642991;-0.071186475;0.35174492;9.915258
814;1708625643191;-0.067896344;0.35294133;9.912866
815;1708625643391;-0.06729814;0.35174492;9.91167
816;1708625643592;-0.06849455;0.35413775;9.911072
817;1708625643791;-0.071186475;0.35383865;9.9140625
818;1708625643990;-0.07208378;0.35234314;9.909277
819;1708625644191;-0.071186475;0.35413775;9.910473
820;1708625644390;-0.0741775;0.35204405;9.9140625
821;1708625644590;-0.06969096;0.35204405;9.907782
822;1708625644790;-0.07477571;0.35204405;9.913763
823;1708625644990;-0.07507481;0.35234314;9.917053
824;1708625645190;-0.06759724;0.35832518;9.909575
825;1708625645390;-0.07178468;0.35234314;9.913165
826;1708625645590;-0.068793654;0.35144582;9.912268
827;1708625645790;-0.07686943;0.35353956;9.913465
828;1708625645990;-0.070289165;0.35204405;9.91137
829;1708625646192;-0.07178468;0.35114673;9.912268
830;1708625646389;-0.07298109;0.35353956;9.9140625
831;1708625646589;-0.072681986;0.35084763;9.910473
832;1708625646790;-0.07058827;0.35234314;9.912268
833;1708625646990;-0.07148558;0.35353956;9.909277
834;1708625647190;-0.072681986;0.35324043;9.911072
835;1708625647390;-0.07208378;0.35294133;9.911968
836;1708625647590;-0.06999006;0.3502494;9.909575
837;1708625647789;-0.07178468;0.35443684;9.911072
838;1708625647989;-0.06999006;0.34965122;9.911968
839;1708625648190;-0.06849455;0.35204405;9.912567
840;1708625648389;-0.07447661;0.35413775;9.910772
841;1708625648589;-0.06909275;0.35712877;9.912268
842;1708625648789;-0.06849455;0.35204405;9.91167
843;1708625648989;-0.0741775;0.3487539;9.912567
844;1708625649189;-0.07178468;0.360718;9.91466
845;1708625649389;-0.07686943;0.34606197;9.909277
846;1708625649589;-0.07088737;0.3499503;9.910473
847;1708625649789;-0.07686943;0.35324043;9.917951
848;1708625649989;-0.07148558;0.3580261;9.909875
849;1708625650189;-0.07148558;0.35533416;9.915258
850;1708625650388;-0.06969096;0.35563326;9.9089775
851;1708625650588;-0.06849455;0.35832518;9.909875
852;1708625650788;-0.07058827;0.35443684;9.915558
853;1708625650988;-0.0735793;0.35712877;9.912268
854;1708625651189;-0.066400826;0.34157544;9.90808
855;1708625651388;-0.071186475;0.34636107;9.909575
856;1708625651588;-0.068793654;0.3472584;9.912268
857;1708625651790;-0.06819545;0.34516466;9.912866
858;1708625651988;-0.06819545;0.34666017;9.912268
859;1708625652188;-0.07328019;0.349053;9.912866
860;1708625652388;-0.06729814;0.34486556;9.912567
861;1708625652588;-0.06999006;0.3469593;9.912268
862;1708625652788;-0.070289165;0.3472584;9.912268
863;1708625652988;-0.06759724;0.34456646;9.910174
864;1708625653188;-0.06909275;0.3493521;9.913165
865;1708625653387;-0.068793654;0.3493521;9.910772
866;1708625657688;-0.06849455;0.3475575;9.923933
867;1708625657888;-0.06999006;0.34396824;9.924531
868;1708625658088;-0.06969096;0.34546378;9.923933
869;1708625658289;-0.06849455;0.34546378;9.924232
870;1708625658488;-0.070289165;0.34396824;9.926924
871;1708625658689;-0.07328019;0.34516466;9.92483
872;1708625658888;-0.07238288;0.34666017;9.924531
873;1708625659088;-0.07058827;0.35204405;9.926026
874;1708625659288;-0.07148558;0.35234314;9.928719
875;1708625659487;-0.07298109;0.3481557;9.931411
876;1708625659688;-0.07328019;0.35234314;9.928719
877;1708625659889;-0.07208378;0.35084763;9.932009
878;1708625660089;-0.0735793;0.3484548;9.932307
879;1708625660289;-0.07058827;0.35443684;9.930513
880;1708625660488;-0.071186475;0.35084763;9.932307
881;1708625660688;-0.067896344;0.35413775;9.931411
882;1708625660888;-0.07088737;0.35324043;9.934701
883;1708625661088;-0.068793654;0.349053;9.931111
884;1708625661287;-0.0735793;0.35204405;9.9394865
885;1708625661489;-0.070289165;0.349053;9.931111
886;1708625661689;-0.07507481;0.3499503;9.933804
887;1708625661889;-0.07328019;0.35413775;9.935299
888;1708625662089;-0.069391854;0.35114673;9.9344015
889;1708625662288;-0.0741775;0.3502494;9.936495
890;1708625662488;-0.07298109;0.35234314;9.936196
891;1708625662689;-0.0735793;0.35324043;9.937692
892;1708625662888;-0.07058827;0.35144582;9.937094
893;1708625663089;-0.07148558;0.35264224;9.935299
894;1708625663288;-0.06819545;0.35682967;9.934701
895;1708625663487;-0.0741775;0.35413775;9.93799
896;1708625663689;-0.0738784;0.35653058;9.934701
897;1708625663888;-0.07178468;0.34366915;9.931111
898;1708625664088;-0.07477571;0.3499503;9.932307
899;1708625664289;-0.07298109;0.34187454;9.932906
900;1708625664488;-0.067896344;0.34486556;9.932307
901;1708625664687;-0.071186475;0.3472584;9.932307
902;1708625664887;-0.06819545;0.34636107;9.931411
903;1708625665088;-0.06999006;0.34516466;9.928121
904;1708625665288;-0.071186475;0.34606197;9.926924
905;1708625665487;-0.07058827;0.34426737;9.929914
906;1708625665687;-0.06969096;0.3487539;9.928419
907;1708625665886;-0.070289165;0.34546378;9.922736
908;1708625666087;-0.035593238;0.20249261;9.953245
909;1708625666288;1.343869;-1.1470593;10.87837
910;1708625666487;2.1667008;-0.7498508;13.2514515
911;1708625666686;0.6520442;1.07019;9.845568
912;1708625666887;0.392722;1.8508483;2.4038894
913;1708625667087;-1.160519;1.590928;5.278866
914;1708625667287;-0.8222337;1.6121643;16.91277
915;1708625667487;-0.014656039;-0.56769717;19.421345
916;1708625667687;0.7938189;-1.0453644;7.68455
917;1708625667886;2.513361;2.0210378;-3.0738797
918;1708625668086;1.1497513;0.4435695;3.6861434
919;1708625668287;-0.7680961;-1.718944;14.1517515
920;1708625668487;1.3686945;-2.6039891;23.44697
921;1708625668687;-0.40528435;-2.900101;13.109677
922;1708625668887;0.32452658;0.9870393;-0.7917252
923;1708625669086;3.0466614;2.8220353;-2.7466612
924;1708625669286;0.7106683;1.80359;8.824132
925;1708625669486;0.83090764;0.90149593;16.173088
926;1708625669687;1.9447666;0.4244269;17.29951
927;1708625669887;1.224527;1.5167505;12.865011
928;1708625670086;2.0024934;2.6865416;1.0740783
929;1708625670286;5.334499;6.444769;1.0881361
930;1708625670485;4.4186463;6.661618;2.7768707
931;1708625670686;2.0676978;3.8315072;0.2760719
932;1708625670885;-0.31016964;-1.07348;0.0044865427
933;1708625671086;-2.9093733;-9.122935;12.250653
934;1708625671285;0.3272185;2.4466612;12.767504
935;1708625671486;1.9040886;1.1491531;9.862916
936;1708625671684;1.4120644;0.9203394;9.767801
937;1708625671886;1.4141582;0.9176475;9.776475
938;1708625672086;1.4144573;0.9128618;9.775877
939;1708625672285;1.4060824;0.91166544;9.756435
940;1708625672486;1.0719845;0.7112665;10.146765
941;1708625672686;0.72023964;1.9295124;15.607485
942;1708625672885;-0.56829536;0.055334024;16.760826
943;1708625673085;-0.54346985;2.364707;9.076574
944;1708625673287;1.782952;1.8894325;5.0572305
945;1708625673486;2.431706;2.9306095;4.9259243
946;1708625673685;3.0364919;3.7157545;4.208078
947;1708625673885;2.82383;4.6492543;2.9691937
948;1708625674084;0.050249275;-0.35563326;-0.50009996
949;1708625674284;-0.35832518;-0.8682955;0.12173485
950;1708625674485;-5.1705904;-3.5264223;24.268307
951;1708625674685;0.4776672;0.60747784;2.6404798
952;1708625674885;4.7252264;2.1658037;10.560722
953;1708625675084;3.3921251;1.675275;9.160921
954;1708625675285;3.39721;1.6680965;9.140582
955;1708625675487;3.3355947;1.6663018;9.142078
956;1708625675684;2.7092733;1.297209;9.986445
957;1708625675884;1.3528421;-0.9056834;15.037993
958;1708625676085;-0.81924266;-0.27726832;19.524834
959;1708625676285;-2.2345972;0.17138593;9.48455
960;1708625676484;2.4023938;3.0323045;2.4586253
961;1708625676685;1.0043873;2.2301106;3.4325042
962;1708625676884;2.525026;6.142376;1.3480564
963;1708625677084;2.8669007;5.239085;1.0845468
964;1708625677283;-0.21954148;-2.158027;0.037387855
965;1708625677484;-0.200698;-0.51565325;0.5201398
966;1708625677684;7.1389866;10.095019;22.39383
967;1708625677884;2.3524437;1.2116655;1.6522441
968;1708625678084;2.998805;1.6118652;11.497812
969;1708625678283;3.196512;1.89362;9.16152
970;1708625678484;3.1923244;1.8957137;9.176774
971;1708625678683;3.1944182;1.8972093;9.175279
972;1708625678883;3.054438;1.8550358;9.253643
973;1708625679083;3.007479;1.2939188;10.026226
974;1708625679283;3.4746776;1.1742777;9.327821
975;1708625679482;-1.006481;4.3504505;14.462818
976;1708625679684;2.2761726;8.315059;17.772093
977;1708625679883;7.2101727;-4.450351;7.138089
978;1708625680083;-5.0548377;-3.19382;1.8945173
979;1708625680282;-4.304987;3.012863;5.541777
980;1708625680483;-9.2336035;9.88176;23.254646
981;1708625680683;1.8242282;0.919143;15.397514
982;1708625680883;2.2130618;-0.7253244;1.3498511
983;1708625681083;-5.89083;-0.94606227;4.5652065
984;1708625681282;-18.794426;2.7221348;12.803097
985;1708625681482;-13.055839;1.3313067;14.184952
986;1708625681682;2.1816561;-0.35623148;5.0422754
987;1708625681882;-2.6168506;-3.7322052;1.6450655
988;1708625682082;-13.874483;-0.7375876;22.111475
989;1708625682282;-7.2206416;-3.5389848;23.157139
990;1708625682482;4.581657;-4.5681977;2.993421
991;1708625682680;-3.5324044;-3.7830527;1.8939191
992;1708625682882;-12.450455;0.05802595;16.529919
993;1708625683082;-5.22413;1.079163;17.75953
994;1708625683281;-1.3836497;0.8670991;5.927321
995;1708625683482;-5.386244;1.9899311;6.104988
996;1708625683683;-6.7890363;2.1092732;8.002795
997;1708625683883;-2.8827531;1.5628123;9.4534445
998;1708625684082;-3.2802608;-0.5488537;11.012667
999;1708625684282;-0.16211374;-0.74177504;10.217053
1000;1708625684482;0.33320054;-0.65952176;9.873982
1001;1708625684681;0.06909275;0.33529428;9.949058
1002;1708625684882;-0.052043892;0.34247273;9.915258
1003;1708625685081;-0.05503492;0.34277186;9.909875
1004;1708625685281;-0.05054838;0.34277186;9.910772
1005;1708625685481;-0.053539407;0.34157544;9.913165
1006;1708625685680;-0.054735817;0.34396824;9.915857
1007;1708625685881;-0.055334024;0.34157544;9.91167
1008;1708625686081;-0.056530435;0.34366915;9.913165
1009;1708625686281;-0.055334024;0.34307095;9.912567
1010;1708625686480;-0.054436713;0.34067813;9.91167
1011;1708625686679;-0.056530435;0.34247273;9.913165
1012;1708625686881;-0.056530435;0.3397808;9.912268
1013;1708625687079;-0.058325052;0.34097722;9.911072
1014;1708625687281;-0.05623133;0.34486556;9.91496
1015;1708625687480;-0.05892326;0.34456646;9.913465
1016;1708625687679;-0.060418773;0.34157544;9.91137
1017;1708625687880;-0.0526421;0.34366915;9.909277
1018;1708625688081;-0.059521463;0.3484548;9.916156
1019;1708625688280;-0.058325052;0.3475575;9.913165
1020;1708625688480;-0.055633128;0.3505485;9.913165
1021;1708625688679;-0.059820566;0.35174492;9.91496
1022;1708625688879;-0.06131608;0.34965122;9.914362
1023;1708625689080;-0.06011967;0.35204405;9.913763
1024;1708625689280;-0.062512495;0.3487539;9.913465
1025;1708625689480;-0.060418773;0.3487539;9.912866
1026;1708625689679;-0.059521463;0.3505485;9.915258
1027;1708625689879;-0.061615184;0.35294133;9.915857
1028;1708625690079;-0.05682954;0.3505485;9.914362
1029;1708625690280;-0.058325052;0.3499503;9.913763
1030;1708625690479;-0.053539407;0.35084763;9.913165
1031;1708625690678;-0.060717873;0.3475575;9.910174
1032;1708625690879;-0.060717873;0.35204405;9.911968
1033;1708625691078;-0.060418773;0.3472584;9.912567
1034;1708625691279;-0.055633128;0.3493521;9.910473
1035;1708625691478;-0.05623133;0.349053;9.91137
1036;1708625691677;-0.05892326;0.3502494;9.912567
1037;1708625691878;-0.05682954;0.35084763;9.911968
1038;1708636050021;-0.07238288;0.35623148;9.9191475
1039;1708636050221;-0.066400826;0.35413775;9.913165
1040;1708636050424;-0.075673014;0.3505485;9.922438
1041;1708636050621;-0.0637089;0.3505485;9.92154
1042;1708636050823;-0.07148558;0.35114673;9.91825
1043;1708636051024;-0.070289165;0.35084763;9.923634
1044;1708636051224;-0.07088737;0.35144582;9.922736
1045;1708636051424;-0.06759724;0.35174492;9.923634
1046;1708636051624;-0.06969096;0.35174492;9.926924
1047;1708636051823;-0.07148558;0.3502494;9.927223
1048;1708636052030;-0.070289165;0.35234314;9.928121
1049;1708636052223;-0.071186475;0.35084763;9.929914
1050;1708636052422;-0.069391854;0.35174492;9.92483
1051;1708636052623;-0.068793654;0.3484548;9.923933
1052;1708636052824;-0.071186475;0.349053;9.928719
1053;1708636053026;-0.068793654;0.35144582;9.922736
1054;1708636053224;-0.06520442;0.35234314;9.924531
1055;1708636053423;-0.07088737;0.35503507;9.926624
1056;1708636053623;-0.07208378;0.35443684;9.926924
1057;1708636053823;-0.06759724;0.35593235;9.9191475
1058;1708636054022;-0.071186475;0.35682967;9.925428
1059;1708636054222;-0.070289165;0.35862428;9.925428
1060;1708636054422;-0.07328019;0.35682967;9.923634
1061;1708636054623;-0.07088737;0.36011982;9.9293165
1062;1708636054820;-0.07058827;0.35234314;9.920343
1063;1708636055022;-0.06669993;0.35144582;9.923335
1064;1708636055221;-0.06699903;0.35533416;9.921839
1065;1708636055422;-0.068793654;0.3499503;9.92154
1066;1708636055622;-0.06969096;0.35144582;9.920343
1067;1708636055822;-0.0738784;0.35204405;9.920643
1068;1708636056022;-0.06969096;0.35324043;9.919446
1069;1708636056223;-0.068793654;0.35234314;9.913165
1070;1708636056421;-0.067896344;0.34965122;9.921241
1071;1708636056619;-0.070289165;0.3493521;9.920343
1072;1708636056819;-0.06999006;0.35324043;9.916755
1073;1708636057021;-0.067896344;0.35473597;9.91825
1074;1708636057220;-0.06909275;0.35114673;9.917053
1075;1708636057420;-0.07208378;0.35353956;9.919745
1076;1708636057619;-0.068793654;0.35084763;9.922138
1077;1708636057821;-0.064905316;0.3493521;9.920045
1078;1708636058028;-0.068793654;0.35383865;9.919446
1079;1708636058221;-0.06819545;0.35114673;9.918848
1080;1708636058423;-0.06610172;0.35294133;9.922438
1081;1708636058622;-0.06550352;0.349053;9.921241
1082;1708636058821;-0.06460621;0.35234314;9.919745
1083;1708636059019;-0.068793654;0.3499503;9.919446
1084;1708636059220;-0.06969096;0.35174492;9.920643
1085;1708636059418;-0.072681986;0.34965122;9.932009
1086;1708636059617;-0.058325052;0.34426737;9.910772
1087;1708636059818;-0.058325052;0.3469593;9.910473
1088;1708636060018;-0.059521463;0.34187454;9.912567
1089;1708636060217;-0.058325052;0.34576288;9.909575
1090;1708636060419;-0.05922236;0.34097722;9.913763
1091;1708636060619;-0.061016977;0.34396824;9.913165
1092;1708636060819;-0.05892326;0.34546378;9.912268
1093;1708636061020;-0.060717873;0.34247273;9.910772
1094;1708636061221;-0.06131608;0.34366915;9.91466
1095;1708636061418;-0.060717873;0.34157544;9.909875
1096;1708636061620;-0.060717873;0.34426737;9.915857
1097;1708636061820;-0.0637089;0.3400799;9.913165
1098;1708636062020;-0.060418773;0.3475575;9.913763
1099;1708636062217;-0.060418773;0.34546378;9.91496
1100;1708636062420;-0.06131608;0.34516466;9.909277
1101;1708636062620;-0.05922236;0.34366915;9.91137
1102;1708636062820;-0.059521463;0.34576288;9.9140625
1103;1708636063019;-0.055334024;0.34247273;9.913465
1104;1708636063219;-0.05742774;0.34606197;9.908679
1105;1708636063420;-0.059521463;0.34157544;9.913465
1106;1708636063619;-0.05922236;0.34366915;9.91137
1107;1708636063820;-0.05892326;0.34516466;9.91167
1108;1708636064019;-0.058325052;0.34576288;9.90808
1109;1708636064220;-0.05922236;0.34187454;9.909277
1110;1708636064419;-0.05892326;0.34576288;9.9089775
1111;1708636064619;-0.058325052;0.34337005;9.911968
1112;1708636064819;-0.05682954;0.34576288;9.913763
1113;1708636065020;-0.05922236;0.34426737;9.910473
1114;1708636065216;-0.058624156;0.34546378;9.909875
1115;1708636065416;-0.05742774;0.34576288;9.91137
1116;1708636065616;-0.061615184;0.34606197;9.907782
1117;1708636065819;-0.058624156;0.34247273;9.907482
1118;1708636066016;-0.05922236;0.3469593;9.907782
1119;1708636066217;-0.06011967;0.34606197;9.90808
1120;1708636066415;-0.060717873;0.34157544;9.90808
1121;1708636066617;-0.059521463;0.34636107;9.90838
1122;1708636066819;-0.05742774;0.34277186;9.910174
1123;1708636067018;-0.056530435;0.34666017;9.909277
1124;1708636067218;-0.058624156;0.34366915;9.907183
1125;1708636067418;-0.06550352;0.35264224;9.91496
1126;1708636067617;-0.06909275;0.35324043;9.913763
1127;1708636067817;-0.064008005;0.35563326;9.9191475
1128;1708636068017;-0.067896344;0.34965122;9.920643
1129;1708636068217;-0.06759724;0.35294133;9.91825
1130;1708636068417;-0.068793654;0.35144582;9.918549
1131;1708636068617;-0.064905316;0.35294133;9.920643
1132;1708636068818;-0.068793654;0.35413775;9.917353
1133;1708636069017;-0.070289165;0.35294133;9.920941
1134;1708636069218;-0.061914288;0.36131623;9.922736
1135;1708636069417;-0.072681986;0.34516466;9.917053
1136;1708636069615;-0.06909275;0.3469593;9.922138
1137;1708636069816;-0.064905316;0.35264224;9.916455
1138;1708636070016;-0.06759724;0.34636107;9.921241
1139;1708636070217;-0.06819545;0.35324043;9.91825
1140;1708636070417;-0.06729814;0.34785658;9.91496
1141;1708636070616;-0.06909275;0.35383865;9.916755
1142;1708636070817;-0.06759724;0.35653058;9.920045
1143;1708636071017;-0.06759724;0.35712877;9.9191475
1144;1708636071216;-0.0735793;0.35862428;9.919446
1145;1708636071416;-0.06610172;0.36191443;9.9140625
1146;1708636071617;-0.06969096;0.35623148;9.919446
1147;1708636071817;-0.06969096;0.36041892;9.917353
1148;1708636072016;-0.068793654;0.35832518;9.917053
1149;1708636072217;-0.07058827;0.35862428;9.915258
1150;1708636072414;-0.06999006;0.3595216;9.916455
1151;1708636072614;-0.069391854;0.3589234;9.918549
1152;1708636072817;-0.06999006;0.35653058;9.915258
1153;1708636073014;-0.06819545;0.35593235;9.913763
1154;1708636073216;-0.06909275;0.3574279;9.918549
1155;1708636073416;-0.07328019;0.35832518;9.917053
1156;1708636073615;-0.06909275;0.35862428;9.913465
1157;1708636073814;-0.07088737;0.3610171;9.916455
1158;1708636074016;-0.06699903;0.36191443;9.915857
1159;1708636074215;-0.06669993;0.3595216;9.917651
1160;1708636074415;-0.06909275;0.35653058;9.916156
1161;1708636074614;-0.07208378;0.35712877;9.915258
1162;1708636074820;-0.07148558;0.3589234;9.916755
1163;1708636075017;-0.06909275;0.3610171;9.91825
1164;1708636075215;-0.07088737;0.3580261;9.915857
1165;1708636075417;-0.06819545;0.3580261;9.915258
1166;1708636075616;-0.067896344;0.35503507;9.913165
1167;1708636075815;-0.06699903;0.35443684;9.9140625
1168;1708636076014;-0.06999006;0.35264224;9.914362
1169;1708636076215;-0.070289165;0.3592225;9.915558
1170;1708636076415;-0.06729814;0.35682967;9.91496
1171;1708636076614;-0.06909275;0.35593235;9.913165
1172;1708636076817;-0.06999006;0.35623148;9.9140625
1173;1708636077015;-0.068793654;0.36011982;9.91466
1174;1708636077214;-0.068793654;0.35563326;9.91466
1175;1708636077604;-0.07088737;0.3580261;9.91496
1176;1708636077611;-0.06999006;0.35623148;9.91466
1177;1708636077811;-0.06610172;0.35503507;9.9140625
1178;1708636078013;-0.06909275;0.35682967;9.91167
1179;1708636078218;-0.06909275;0.357727;9.914362
1180;1708636078413;-0.06610172;0.35563326;9.91496
1181;1708636078614;-0.06759724;0.35832518;9.917353
1182;1708636078814;-0.06849455;0.357727;9.91466
1183;1708636079013;-0.07058827;0.36011982;9.915258
1184;1708636079213;-0.06849455;0.3589234;9.917951
1185;1708636079413;-0.067896344;0.35563326;9.916755
1186;1708636079612;-0.06580263;0.3589234;9.916755
1187;1708636079813;-0.06729814;0.35712877;9.915857
1188;1708636080014;-0.070289165;0.35593235;9.917651
1189;1708636080214;-0.06969096;0.35593235;9.915558
1190;1708636080414;-0.06759724;0.35473597;9.913165
1191;1708636080613;-0.071186475;0.36191443;9.920343
1192;1708636080811;-0.06729814;0.36400816;9.92154
1193;1708636081014;-0.07208378;0.34396824;9.913465
1194;1708636081214;-0.066400826;0.34965122;9.915558
1195;1708636081411;-0.06759724;0.3487539;9.917053
1196;1708636081613;-0.067896344;0.3493521;9.917353
1197;1708636081814;-0.06819545;0.3502494;9.917053
1198;1708636082011;-0.07058827;0.35144582;9.916755
1199;1708636082210;-0.06610172;0.3499503;9.917651
1200;1708636082413;-0.06699903;0.35144582;9.917951
1201;1708636082612;-0.06580263;0.34965122;9.917353
1202;1708636082812;-0.06520442;0.3484548;9.916455
1203;1708636083011;-0.06669993;0.349053;9.916755
1204;1708636083211;-0.06669993;0.3502494;9.917053
1205;1708636083412;-0.06610172;0.35503507;9.916455
1206;1708636083613;-0.06819545;0.35443684;9.916455
1207;1708636083811;-0.06969096;0.34965122;9.917353
1208;1708636084013;-0.067896344;0.35353956;9.920045
1209;1708636084211;-0.07058827;0.3502494;9.91466
1210;1708636084409;-0.07058827;0.35114673;9.918848
1211;1708636084612;-0.06669993;0.3502494;9.917651
1212;1708636084811;-0.067896344;0.349053;9.912866
1213;1708636085010;-0.07088737;0.35353956;9.920643
1214;1708636085213;-0.068793654;0.3487539;9.914362
1215;1708636085411;-0.069391854;0.35623148;9.915258
1216;1708636085610;-0.06849455;0.35294133;9.915857
1217;1708636085811;-0.06819545;0.35353956;9.91496
1218;1708636086012;-0.06759724;0.35144582;9.916156
1219;1708636086213;-0.06699903;0.35114673;9.912567
1220;1708636086410;-0.06849455;0.35234314;9.918549
1221;1708636086611;-0.06819545;0.35353956;9.916455
1222;1708636086809;-0.066400826;0.35144582;9.913465
1223;1708636087012;-0.06999006;0.35413775;9.916156
1224;1708636087211;-0.06759724;0.3502494;9.916156
1225;1708636087409;-0.07148558;0.35353956;9.916455
1226;1708636087609;-0.06759724;0.3493521;9.917053
1227;1708636087811;-0.06849455;0.35383865;9.915558
1228;1708636088009;-0.06819545;0.35473597;9.914362
1229;1708636088208;-0.067896344;0.35144582;9.91496
1230;1708636088411;-0.06819545;0.35383865;9.913763
1231;1708636088608;-0.06849455;0.35383865;9.916455
1232;1708636088809;-0.06969096;0.35593235;9.913165
1233;1708636089012;-0.06819545;0.3502494;9.913763
1234;1708636089208;-0.06759724;0.35264224;9.91466
1235;1708636089408;-0.07238288;0.35264224;9.912866
1236;1708636089611;-0.068793654;0.35084763;9.913465
1237;1708636089808;-0.07148558;0.35294133;9.918549
1238;1708636090008;-0.0735793;0.3499503;9.914362
1239;1708636090209;-0.06849455;0.35593235;9.911968
1240;1708636090408;-0.06729814;0.35294133;9.9140625
1241;1708636090607;-0.06849455;0.35324043;9.916156
1242;1708636090807;-0.06909275;0.35264224;9.915258
1243;1708636091008;-0.06849455;0.35084763;9.915558
1244;1708636091208;-0.07058827;0.35443684;9.912567
1245;1708636091407;-0.07298109;0.35503507;9.917353
1246;1708636091609;-0.068793654;0.3499503;9.917053
1247;1708636091808;-0.06699903;0.3475575;9.917651
1248;1708636092008;-0.06610172;0.35114673;9.915258
1249;1708636092207;-0.070289165;0.35294133;9.915857
1250;1708636092408;-0.06999006;0.35204405;9.917053
1251;1708636092612;-0.069391854;0.35204405;9.915857
1252;1708636092807;-0.06819545;0.35413775;9.917053
1253;1708636093008;-0.06849455;0.35114673;9.914362
1254;1708636093209;-0.06819545;0.35084763;9.91496
1255;1708636093407;-0.070289165;0.3502494;9.917353
1256;1708636093609;-0.068793654;0.35114673;9.916455
1257;1708636093809;-0.06580263;0.35204405;9.916156
1258;1708636094007;-0.06849455;0.35144582;9.915857
1259;1708636094207;-0.07208378;0.3487539;9.915558
1260;1708636094406;-0.06729814;0.35144582;9.915558
1261;1708636094607;-0.066400826;0.34636107;9.920343
1262;1708636094808;-0.06819545;0.34965122;9.915558
1263;1708636095006;-0.067896344;0.35114673;9.915857
1264;1708636095207;-0.06969096;0.35383865;9.916455
1265;1708636095407;-0.06849455;0.35264224;9.917651
1266;1708636095609;-0.06430711;0.35144582;9.916755
1267;1708636095806;-0.06729814;0.35084763;9.916156
1268;1708636096006;-0.069391854;0.35234314;9.915558
1269;1708636096208;-0.068793654;0.349053;9.915857
1270;1708636096406;-0.06759724;0.3487539;9.916455
1271;1708636096607;-0.069391854;0.3505485;9.916156
1272;1708636096808;-0.06849455;0.35084763;9.916455
1273;1708636097005;-0.07058827;0.35593235;9.914362
1274;1708636097207;-0.06999006;0.3499503;9.915258
1275;1708636097407;-0.07328019;0.35383865;9.917053
1276;1708636097605;-0.06849455;0.34965122;9.914362
1277;1708636097807;-0.06759724;0.3481557;9.9140625
1278;1708636098007;-0.06909275;0.34965122;9.914362
1279;1708636098206;-0.06729814;0.35174492;9.916156
1280;1708636098406;-0.06610172;0.35144582;9.91466
1281;1708636098607;-0.06909275;0.35144582;9.91466
1282;1708636098805;-0.06909275;0.35234314;9.916455
1283;1708636099004;-0.069391854;0.3484548;9.917353
1284;1708636099207;-0.069391854;0.35084763;9.916455
1285;1708636099405;-0.06460621;0.3505485;9.917951
1286;1708636099605;-0.06849455;0.3481557;9.91496
1287;1708636099805;-0.06669993;0.35114673;9.913763
1288;1708636100005;-0.07088737;0.3499503;9.913763
1289;1708636100206;-0.067896344;0.35114673;9.917951
1290;1708636100405;-0.06729814;0.3481557;9.91496
1291;1708636100605;-0.064905316;0.35204405;9.917353
1292;1708636100807;-0.06999006;0.34785658;9.913465
1293;1708636101006;-0.06669993;0.3505485;9.913763
1294;1708636101205;-0.06669993;0.3493521;9.916455
1295;1708636101404;-0.066400826;0.3493521;9.913165
1296;1708636101604;-0.06909275;0.3493521;9.916156
1297;1708636101803;-0.06669993;0.35114673;9.915258
1298;1708636102004;-0.070289165;0.3484548;9.913465
1299;1708636102204;-0.06550352;0.34965122;9.914362
1300;1708636102405;-0.06669993;0.35144582;9.91137
1301;1708636102604;-0.070289165;0.35353956;9.913465
1302;1708636102806;-0.06759724;0.35144582;9.91496
1303;1708636103004;-0.069391854;0.3505485;9.912866
1304;1708636103203;-0.06909275;0.35593235;9.915258
1305;1708636103404;-0.06969096;0.35234314;9.913465
1306;1708636103603;-0.06969096;0.3502494;9.918549
1307;1708636103803;-0.06699903;0.3499503;9.913465
1308;1708636104006;-0.07088737;0.35144582;9.916755
1309;1708636104203;-0.06819545;0.35264224;9.916755
1310;1708636104404;-0.07238288;0.3487539;9.913763
1311;1708636104606;-0.06969096;0.3484548;9.917951
1312;1708636104802;-0.06849455;0.35114673;9.916156
1313;1708636105002;-0.06759724;0.35144582;9.915558
1314;1708636105203;-0.06969096;0.3493521;9.917651
1315;1708636105403;-0.068793654;0.3505485;9.915558
1316;1708636105604;-0.066400826;0.34965122;9.915258
1317;1708636105805;-0.067896344;0.35144582;9.9140625
1318;1708636106002;-0.068793654;0.3499503;9.9191475
1319;1708636106204;-0.08135597;0.33110684;9.918549
1320;1708636106403;-0.055633128;0.36729828;9.914362
1321;1708636106602;-0.06699903;0.35204405;9.916455
1322;1708636106804;-0.06909275;0.34277186;9.912567
1323;1708636107003;-0.06759724;0.3592225;9.922438
1324;1708636107202;-0.066400826;0.34636107;9.915857
1325;1708636107401;-0.069391854;0.35383865;9.915857
1326;1708636107604;-0.071186475;0.35383865;9.914362
1327;1708636107802;-0.06969096;0.35533416;9.91496
1328;1708636108004;-0.067896344;0.35473597;9.916156
1329;1708636108204;-0.068793654;0.35264224;9.915258
1330;1708636108402;-0.06520442;0.35503507;9.9140625
1331;1708636108602;-0.06909275;0.35443684;9.915558
1332;1708636108801;-0.07088737;0.35204405;9.914362
1333;1708636109002;-0.06819545;0.35443684;9.91496
1334;1708636109203;-0.07088737;0.35653058;9.917651
1335;1708636109401;-0.07178468;0.35593235;9.915857
1336;1708636109601;-0.071186475;0.357727;9.917053
1337;1708636109801;-0.06969096;0.35353956;9.917053
1338;1708636110001;-0.068793654;0.35413775;9.91466
1339;1708636110203;-0.070289165;0.35174492;9.916455
1340;1708636110402;-0.06759724;0.35563326;9.915258
1341;1708636110601;-0.06580263;0.35264224;9.91466
1342;1708636110800;-0.06849455;0.35174492;9.913165
1343;1708636111001;-0.06909275;0.35653058;9.915258
1344;1708636111201;-0.0735793;0.35443684;9.91466
1345;1708636111400;-0.07058827;0.35324043;9.916455
1346;1708636111600;-0.07088737;0.35503507;9.916455
1347;1708636111802;-0.06999006;0.3574279;9.916156
1348;1708636112000;-0.06849455;0.35353956;9.913465
1349;1708636112202;-0.069391854;0.3580261;9.917353
1350;1708636112400;-0.068793654;0.3592225;9.917651
1351;1708636112600;-0.07088737;0.35324043;9.915558
1352;1708636112802;-0.06909275;0.35832518;9.920045
1353;1708636113000;-0.072681986;0.35383865;9.917651
1354;1708636113200;-0.07148558;0.35503507;9.917053
1355;1708636113399;-0.064905316;0.3595216;9.915558
1356;1708636113602;-0.06999006;0.35563326;9.918549
1357;1708636113800;-0.06969096;0.35503507;9.917353
1358;1708636114001;-0.07178468;0.35832518;9.914362
1359;1708636114202;-0.07298109;0.35443684;9.917353
1360;1708636114399;-0.07178468;0.3589234;9.915857
1361;1708636114600;-0.070289165;0.35533416;9.915857
1362;1708636114801;-0.07058827;0.35712877;9.915857
1363;1708636115000;-0.069391854;0.35712877;9.917353
1364;1708636115201;-0.07148558;0.3580261;9.917353
1365;1708636115401;-0.06909275;0.35623148;9.916455
1366;1708636115600;-0.070289165;0.35473597;9.917951
1367;1708636115799;-0.068793654;0.35682967;9.916455
1368;1708636116001;-0.071186475;0.35832518;9.918848
1369;1708636116199;-0.07058827;0.3574279;9.917951
1370;1708636116400;-0.07058827;0.35563326;9.915857
1371;1708636116598;-0.07058827;0.357727;9.91496
1372;1708636116798;-0.069391854;0.35832518;9.917353
1373;1708636117000;-0.07148558;0.35712877;9.91825
1374;1708636117199;-0.07058827;0.35712877;9.914362
1375;1708636117399;-0.071186475;0.35353956;9.918549
1376;1708636117599;-0.07208378;0.35712877;9.917951
1377;1708636117799;-0.07178468;0.3580261;9.918549
1378;1708636117999;-0.07238288;0.35383865;9.917053
1379;1708636118199;-0.07088737;0.35413775;9.917651
1380;1708636118400;-0.068793654;0.35593235;9.917651
1381;1708636118599;-0.071186475;0.35413775;9.913165
1382;1708636118800;-0.07328019;0.3574279;9.920343
1383;1708636119000;-0.06819545;0.35862428;9.917951
1384;1708636119197;-0.06969096;0.35593235;9.915258
1385;1708636119400;-0.0741775;0.35473597;9.918549
1386;1708636119599;-0.070289165;0.35503507;9.916156
1387;1708636119798;-0.070289165;0.3595216;9.916156
1388;1708636120000;-0.072681986;0.35682967;9.918549
1389;1708636120199;-0.06969096;0.35473597;9.9191475
1390;1708636120398;-0.07058827;0.360718;9.918549
1391;1708636120601;-0.06849455;0.3598207;9.917353
1392;1708636120798;-0.071186475;0.35682967;9.916156
1393;1708636120997;-0.07058827;0.3592225;9.91825
1394;1708636121199;-0.07088737;0.35563326;9.918549
1395;1708636121398;-0.06969096;0.35593235;9.915857
1396;1708636121597;-0.066400826;0.35294133;9.91825
1397;1708636121799;-0.072681986;0.34037903;9.913763
1398;1708636121997;-0.05922236;0.34486556;9.912567
1399;1708636122201;-0.07178468;0.36610186;9.922438
1400;1708636122398;-0.06281159;0.36041892;9.918549
1401;1708636122599;-0.069391854;0.35653058;9.918848
1402;1708636122797;-0.06699903;0.3493521;9.914362
1403;1708636122997;-0.06520442;0.35473597;9.9191475
1404;1708636123196;-0.068793654;0.35174492;9.915857
1405;1708636123397;-0.070289165;0.3502494;9.916156
1406;1708636123596;-0.06610172;0.35503507;9.917651
1407;1708636123797;-0.040677983;-0.010767702;9.964012
1408;1708636123997;0.10378868;-0.7256235;11.403893
1409;1708636124196;0.28295127;-0.5066802;11.583654
1410;1708636124398;-0.21026929;0.05922236;10.604691
1411;1708636124597;0.35383865;0.29491538;10.365409
1412;1708636124797;1.1790633;0.6837491;9.599706
1413;1708636124998;1.4617156;2.5561328;9.228818
1414;1708636125196;2.111666;3.455535;7.9277205
1415;1708636125396;2.9946175;3.6927235;8.000103
1416;1708636125598;3.484847;4.1868415;7.0893354
1417;1708636125798;4.542176;4.4093738;7.9363947
1418;1708636125996;3.6586258;4.660919;7.4401827
1419;1708636126197;3.1591241;4.883153;6.880861
1420;1708636126395;3.3346975;5.439783;7.25773
1421;1708636126597;3.6017964;5.0946183;7.7213397
1422;1708636126796;3.0188448;4.276572;6.2679987
1423;1708636126995;0.17766708;0.19531415;0.74626154
1424;1708636127196;-0.2204388;-0.042771704;0.58923256
1425;1708636127396;-0.9912268;6.7408805;7.7560353
1426;1708636127595;1.1303096;1.1958131;11.364113
1427;1708636127797;-3.280859;1.7380866;9.886844
1428;1708636127997;0.5778667;1.3211372;9.7145605
1429;1708636128195;0.8129615;1.3609179;9.796515
1430;1708636128395;0.8132606;1.3603196;9.798011
1431;1708636128597;0.81565344;1.3627125;9.799506
1432;1708636128795;0.81864446;1.3621143;9.799506
1433;1708636128996;0.77766734;1.3609179;9.772287
1434;1708636129196;0.7007979;1.3579268;9.859626
1435;1708636129394;0.7055836;1.3740784;9.766306
1436;1708636129596;0.61016977;1.39023;9.922438
1437;1708636129794;-2.4469602;0.8276175;14.212769
1438;1708636129994;-2.3467607;2.219343;13.302
1439;1708636130194;-1.4467604;2.1101704;7.4679995
1440;1708636130395;0.9400802;2.4329023;5.265406
1441;1708636130593;-1.3121641;-0.7079764;7.4859457
1442;1708636130796;-1.2409776;-0.92632145;10.406984
1443;1708636130995;-0.4211368;-0.07926225;10.913963
1444;1708636131194;-0.15732808;0.17138593;9.649057
1445;1708636131396;-0.09302098;0.34785658;10.085448
1446;1708636131596;-0.064905316;0.34636107;9.900304
1447;1708636131793;-0.071186475;0.3487539;9.915857
1448;1708636131994;-0.06610172;0.34337005;9.915258
1449;1708636132195;-0.06520442;0.3484548;9.916455
1450;1708636132385;-0.06580263;0.3475575;9.91466
1451;1708636132403;-0.066400826;0.3385844;9.920045
1452;1708636132421;-0.068793654;0.34516466;9.913465
1453;1708636132625;-0.06729814;0.34277186;9.914362
1454;1708636132824;-0.06550352;0.34785658;9.913165
1455;1708636133023;-0.069391854;0.34516466;9.915258
1456;1708636133222;-0.06699903;0.3472584;9.916455
1457;1708636133422;-0.064008005;0.3481557;9.916755
1458;1708636133621;-0.06849455;0.34307095;9.916455
1459;1708636133822;-0.06759724;0.3481557;9.9140625
1460;1708636134025;-0.06610172;0.34606197;9.91496
1461;1708636134223;-0.06550352;0.34785658;9.915258
1462;1708636134424;-0.067896344;0.3475575;9.913165
1463;1708636134624;-0.06520442;0.3487539;9.917651
1464;1708636134822;-0.06520442;0.34486556;9.913165
1465;1708636135023;-0.064905316;0.34426737;9.915258
1466;1708636135224;-0.06520442;0.34636107;9.914362
1467;1708636135424;-0.061914288;0.34337005;9.91466
1468;1708636135622;-0.06520442;0.34426737;9.914362
1469;1708636135821;-0.06759724;0.34486556;9.916156
1470;1708636136023;-0.066400826;0.34666017;9.915558
1471;1708636136222;-0.06759724;0.34456646;9.915857
1472;1708636136422;-0.06759724;0.34396824;9.917053
1473;1708636136620;-0.06580263;0.34366915;9.917353
1474;1708636136822;-0.06430711;0.34396824;9.918549
1475;1708636137024;-0.06550352;0.34307095;9.915857
1476;1708636137225;-0.06759724;0.34277186;9.915258
1477;1708636137421;-0.06610172;0.34426737;9.913763
1478;1708636137620;-0.064905316;0.34516466;9.917651
1479;1708636137821;-0.06849455;0.34307095;9.91167
1480;1708636138023;-0.06430711;0.3475575;9.91825
1481;1708636138223;-0.06819545;0.34456646;9.917053
1482;1708636138420;-0.06969096;0.34606197;9.916755
1483;1708636138620;-0.029910283;0.28893334;9.943673
1484;1708636138823;0.13758731;0.0044865427;9.895817
1485;1708636139020;0.0029910284;-0.27367908;10.942976
1486;1708636139220;-0.2862414;0.46091747;10.746466
1487;1708636139421;1.2493526;1.5771692;9.660124
1488;1708636139619;3.269493;0.6358926;9.185747
1489;1708636139821;-3.234498;1.4087744;6.873383
1490;1708636140024;1.8107685;0.9837492;16.310974
1491;1708636140219;3.2180474;-1.3722838;9.650852
1492;1708636140422;-5.1738806;-1.3360924;9.712767
1493;1708636140622;-4.5065823;1.4204394;18.423239
1494;1708636140819;-2.376073;-0.9089735;6.550651
1495;1708636141022;-5.829514;0.28414768;9.882956
1496;1708636141221;6.5171514;-0.4447659;17.777176
1497;1708636141420;-7.405786;-2.885445;4.817051
1498;1708636141620;-3.2715867;0.24077778;20.927029
1499;1708636141820;-4.4195433;-2.9503503;4.0534415
1500;1708636142019;-5.0458646;-0.9314062;14.700306
1501;1708636142218;-0.012562319;-1.3112668;11.79512
1502;1708636142422;-6.809375;-1.9701903;7.5047894
1503;1708636142619;-1.1452647;-1.0710872;17.51606
1504;1708636142820;-6.103791;-3.0487552;5.270491
1505;1708636143021;-2.7418756;0.34576288;18.045471
1506;1708636143219;-4.2092743;-2.9165516;5.569893
1507;1708636143419;-4.2870407;-0.29970104;17.703598
1508;1708636143618;-3.71396;-3.2425737;6.897311
1509;1708636143818;-5.986244;-0.6729814;16.12553
1510;1708636144018;-4.028317;-2.678765;6.285945
1511;1708636144219;-5.2630134;-1.1907284;15.183357
1512;1708636144418;-1.7003996;-2.4014966;8.019844
1513;1708636144619;-9.117552;-1.7324036;12.606586
1514;1708636144818;-1.9211375;0.19292133;8.643474
1515;1708636145019;-4.1754756;1.5915262;8.0455675
1516;1708636145220;-0.50129634;0.10827523;10.931012
1517;1708636145420;0.0041874396;-0.9194421;11.093125
1518;1708636145619;0.09212367;-0.9236295;9.985548
1519;1708636145819;0.26261228;-0.73459655;9.769596
1520;1708636146021;0.026620151;0.45583272;10.095618
1521;1708636146217;-0.051445685;0.3394817;9.924232
1522;1708636146416;-0.04755735;0.34067813;9.91496
1523;1708636146619;-0.052043892;0.33918262;9.917951
1524;1708636146816;-0.04965107;0.34037903;9.912866
1525;1708636147019;-0.05174479;0.34157544;9.915258
1526;1708636147219;-0.052043892;0.34217364;9.916755
1527;1708636147417;-0.052043892;0.34366915;9.91825
1528;1708636147619;-0.050847482;0.34097722;9.916455
1529;1708636147820;-0.054137614;0.33918262;9.91466
1530;1708636148018;-0.052043892;0.34217364;9.916455
1531;1708636148216;-0.053240303;0.34097722;9.916455
1532;1708636148417;-0.051445685;0.34037903;9.915558
1533;1708636148617;-0.054735817;0.3394817;9.915258
1534;1708636148819;-0.05174479;0.34157544;9.917053
1535;1708636149020;-0.052342996;0.34037903;9.915558
1536;1708636149216;-0.05383851;0.3376871;9.915258
1537;1708636149420;-0.051445685;0.34127632;9.915857
1538;1708636149619;-0.050249275;0.3385844;9.9140625
1539;1708636149816;-0.051445685;0.34067813;9.915857
1540;1708636150019;-0.053240303;0.33918262;9.916755
1541;1708636150217;-0.054436713;0.34247273;9.913763
1542;1708636150418;-0.054137614;0.34097722;9.917053
1543;1708636150616;-0.0526421;0.34247273;9.913165
1544;1708636150818;-0.048454657;0.3394817;9.915857
1545;1708636151017;-0.053240303;0.34277186;9.915857
1546;1708636151217;-0.051445685;0.34157544;9.914362
1547;1708636151417;-0.051146585;0.34067813;9.915558
1548;1708636151615;-0.053240303;0.34187454;9.9140625
1549;1708636151817;-0.054735817;0.34187454;9.9140625
1550;1708636152018;-0.05174479;0.33918262;9.91496
1551;1708636152215;-0.05383851;0.34187454;9.91466
1552;1708636152416;-0.054137614;0.34337005;9.915857
1553;1708636152617;-0.051146585;0.33738798;9.91496
1554;1708636152816;-0.055932228;0.34127632;9.922138
1555;1708636153019;-0.025124637;0.33080772;9.908679
1556;1708636153215;-0.04995017;0.34097722;9.917053
1557;1708636153417;-0.050847482;0.3394817;9.91496
1558;1708636153616;-0.050249275;0.33738798;9.912567
1559;1708636153816;-0.010169496;-0.7423732;10.075279
1560;1708636154016;-1.1850454;-6.9092755;13.7425785
1561;1708636154218;1.0100702;0.97836536;15.300306
1562;1708636154416;0.8706883;3.286542;8.520842
1563;1708636154617;3.5901313;1.7599211;5.191827
1564;1708636154815;2.6853452;3.1289146;4.173083
1565;1708636155018;4.4171505;5.0542397;4.9995036
1566;1708636155216;5.026124;4.688437;6.6595244
1567;1708636155416;4.723731;4.9660044;7.184749
1568;1708636155618;4.502993;5.3039904;6.248557
1569;1708636155815;1.1267203;1.6594225;0.41724846
1570;1708636156018;-0.3592225;-0.01585245;0.47138608
1571;1708636156217;-0.19680966;-0.12263216;1.0983056
1572;1708636156415;-1.332204;11.237593;22.318455
1573;1708636156615;2.2381866;1.8158532;7.4042907
1574;1708636156815;1.9522442;2.5923243;8.651549
1575;1708636157017;1.9639091;2.3940191;9.4229355
1576;1708636157215;1.9627128;2.390729;9.428918
1577;1708636157415;1.96361;2.3919253;9.42503
1578;1708636157613;1.9609182;2.3922246;9.4229355
1579;1708636157815;1.9301106;2.3916261;9.395718
1580;1708636158015;1.6190436;2.594418;10.00828
1581;1708636158215;0.73399836;-0.07686943;14.789438
1582;1708636158415;-0.9346963;2.484348;11.142478
1583;1708636158617;-3.5536408;0.3367898;17.51576
1584;1708636158814;-1.39023;-0.42382872;8.554341
1585;1708636159015;1.7688942;0.84825563;3.4247274
1586;1708636159216;1.2373884;3.304189;1.7850457
1587;1708636159420;4.7359943;5.6297135;4.5206404
1588;1708636159613;4.121637;5.0644093;7.67109
1589;1708636159815;3.629912;5.0796633;7.195816
1590;1708636160013;3.1645079;4.1644087;7.570891
1591;1708636160215;0.0029910284;0.29910284;0.50787663
1592;1708636160415;-0.1896312;0.044566322;0.8572287
1593;1708636160613;-0.49830532;2.4541388;0.9514461
1594;1708636160813;3.7313077;2.937788;14.19243
1595;1708636161014;-4.907081;1.0546366;8.716156
1596;1708636161214;-0.41006997;0.99601245;9.806984
1597;1708636161234;-0.025124637;1.0103694;9.824331
1598;1708636161250;-0.11425728;1.018146;9.951151
1599;1708636161268;-0.05623133;1.0073783;9.826724
1600;1708636161479;-0.07686943;1.0100702;9.874282
1601;1708636161679;-0.07447661;1.0109676;9.87488
1602;1708636161880;-0.0738784;1.0100702;9.8727865
1603;1708636162082;-0.07328019;1.0130613;9.875478
1604;1708636162281;-0.07238288;1.0088738;9.873982
1605;1708636162480;-0.07477571;1.0085747;9.875777
1606;1708636162681;-0.07537391;1.0118649;9.87458
1607;1708636162880;-0.07597212;1.0133604;9.873684
1608;1708636163080;-0.075673014;1.0124631;9.871889
1609;1708636163281;-0.0735793;1.012164;9.875179
1610;1708636163479;-0.072681986;1.0100702;9.873982
1611;1708636163681;-0.0738784;1.0142577;9.873384
1612;1708636163880;-0.07298109;1.0085747;9.87488
1613;1708636164079;-0.0741775;1.0112667;9.87458
1614;1708636164280;-0.07477571;1.0127622;9.875179
1615;1708636164481;-0.07328019;1.0100702;9.873384
1616;1708636164681;-0.0735793;1.015155;9.873384
1617;1708636164881;-0.0738784;1.0124631;9.8727865
1618;1708636165078;-0.07597212;1.0133604;9.874282
1619;1708636165281;-0.0738784;1.0127622;9.87159
1620;1708636165479;-0.0741775;1.0115658;9.872487
1621;1708636165677;-0.07686943;1.012164;9.872487
1622;1708636165879;-0.06699903;1.009472;9.836894
1623;1708636166079;-0.09302098;0.97178507;9.917951
1624;1708636166280;-1.16351;0.7423732;15.263516
1625;1708636166478;-3.4911282;5.6934223;15.894324
1626;1708636166679;-1.5843477;1.4907285;0.53359944
1627;1708636166880;0.52283174;-1.6827525;6.06102
1628;1708636167078;-0.8757731;-1.8640088;10.323833
1629;1708636167280;-0.6729814;-0.9125627;11.169696
1630;1708636167478;-0.18275183;0.26470602;9.944571
1631;1708636167680;-0.07178468;0.34337005;9.917651
1632;1708636167878;-0.06759724;0.35204405;9.91137
1633;1708636168078;-0.067896344;0.34606197;9.913465
1634;1708636168280;-0.06520442;0.349053;9.913763
1635;1708636168480;-0.06699903;0.3469593;9.9140625
1636;1708636168681;-0.07148558;0.35084763;9.917353
1637;1708636168878;-0.069391854;0.34606197;9.912866
1638;1708636169077;-0.06849455;0.3502494;9.91496
1639;1708636169279;-0.068793654;0.34636107;9.91496
1640;1708636169477;-0.068793654;0.3481557;9.911968
1641;1708636169678;-0.06610172;0.34606197;9.912866
1642;1708636169877;-0.068793654;0.34666017;9.914362
1643;1708636170079;-0.07088737;0.34277186;9.912268
1644;1708636170277;-0.06550352;0.34636107;9.915558
1645;1708636170476;-0.066400826;0.34546378;9.912866
1646;1708636170675;-0.068793654;0.34636107;9.913465
1647;1708636170877;-0.068793654;0.34666017;9.91466
1648;1708636171077;-0.06729814;0.34366915;9.915857
1649;1708636171277;-0.06729814;0.34636107;9.91496
1650;1708636171477;-0.067896344;0.34606197;9.911968
1651;1708636171678;-0.06969096;0.34636107;9.914362
1652;1708636171878;-0.06759724;0.34666017;9.916156
1653;1708636172077;-0.06759724;0.34486556;9.91466
1654;1708636172278;-0.06550352;0.34456646;9.9140625
1655;1708636172477;-0.06580263;0.34666017;9.915558
1656;1708636172678;-0.06610172;0.34337005;9.910772
1657;1708636172877;-0.06520442;0.34576288;9.911072
1658;1708636173077;-0.06460621;0.34127632;9.910772
1659;1708636173277;-0.06759724;0.34666017;9.914362
1660;1708636173475;-0.066400826;0.34666017;9.9140625
1661;1708636173678;-0.064905316;0.34606197;9.912866
1662;1708636173877;-0.067896344;0.34277186;9.9140625
1663;1708636174077;-0.06580263;0.34785658;9.913165
1664;1708636174275;-0.06550352;0.34426737;9.91137
1665;1708636174476;-0.06909275;0.34337005;9.91496
1666;1708636174675;-0.06520442;0.3502494;9.911968
1667;1708636174874;-0.06819545;0.34307095;9.909875
1668;1708636175075;-0.07148558;0.3475575;9.916455
1669;1708636175275;-0.07088737;0.34456646;9.910772
1670;1708636175475;-0.06610172;0.34576288;9.911968
1671;1708636175676;-0.062213387;0.34486556;9.913165
1672;1708636175875;-0.07148558;0.34546378;9.912567
1673;1708636176075;-0.071186475;0.34636107;9.911968
1674;1708636176277;-0.06759724;0.34127632;9.911968
1675;1708636176477;-0.06909275;0.34307095;9.918848
1676;1708636176676;-0.075673014;0.37597227;9.912866
1677;1708636176875;-0.10199407;0.2644069;9.912866
1678;1708636177076;-0.084346995;0.3481557;9.935897
1679;1708636177277;-0.4432704;-2.818446;14.177474
1680;1708636177475;-0.20488544;-3.054438;13.819149
1681;1708636177673;1.0277174;2.978466;9.570394
1682;1708636177875;0.4881358;1.7784654;7.0558357
1683;1708636178075;4.13061;3.6490545;6.3254266
1684;1708636178275;2.9676983;5.7469616;4.5708895
1685;1708636178476;3.7157545;5.4996037;5.5926247
1686;1708636178676;4.9674997;5.293223;6.365207
1687;1708636178876;-0.06460621;0.7636095;-0.23928227
1688;1708636179074;-0.4432704;-0.022731815;0.7686943
1689;1708636179274;-0.13489537;-0.15972091;1.2544373
1690;1708636179473;0.392722;5.7933226;14.418252
1691;1708636179674;-0.046959143;-0.20039889;9.569496
1692;1708636179876;-0.5712864;0.6221339;8.650054
1693;1708636180074;-0.55692947;0.56859446;9.888938
1694;1708636180273;-0.5629115;0.56500524;9.889236
1695;1708636180475;-0.5599205;0.5706882;9.887443
1696;1708636180672;-0.5632106;0.567099;9.893424
1697;1708636180875;-0.5590232;0.56829536;9.89163
1698;1708636181076;-0.62751776;0.61884373;9.78515
1699;1708636181273;-0.5401797;0.8279166;13.020246
1700;1708636181474;-1.7123637;5.938986;15.804593
1701;1708636181674;-1.8634106;5.907281;7.124031
1702;1708636181874;-0.19322042;-0.573081;0.7426723
1703;1708636182075;-1.5652051;-0.8222337;10.660324
1704;1708636182273;-1.0773684;-0.02961118;10.170692
1705;1708636182473;0.62512493;0.22791636;11.211869
1706;1708636182673;-0.06131608;0.34307095;9.910174
1707;1708636182873;-0.060418773;0.34606197;9.9191475
1708;1708636183073;-0.05802595;0.3394817;9.914362
1709;1708636183273;-0.054735817;0.34157544;9.912866
1710;1708636183474;-0.054436713;0.34396824;9.918848
1711;1708636183672;-0.05922236;0.3472584;9.916455
1712;1708636183873;-0.057726845;0.3493521;9.917951
1713;1708636184073;-0.054137614;0.3472584;9.913763
1714;1708636184276;-0.0526421;0.3469593;9.915258
1715;1708636184301;-0.06819545;0.34097722;9.903295
1716;1708636184318;-0.06520442;0.35413775;9.923634
1717;1708636184337;-0.050249275;0.3487539;9.908679
1718;1708636184540;-0.053240303;0.34546378;9.913763
1719;1708636184741;-0.056530435;0.34785658;9.917053
1720;1708636184938;-0.051445685;0.3475575;9.915857
1721;1708636185140;-0.060418773;0.34277186;9.912866
1722;1708636185339;-0.05892326;0.34247273;9.915558
1723;1708636185539;-0.054436713;0.34307095;9.912567
1724;1708636185738;-0.05623133;0.34546378;9.910772
1725;1708636185938;-0.057726845;0.34157544;9.913465
1726;1708636186138;-0.04995017;0.33918262;9.915558
1727;1708636186338;-0.12981063;0.35593235;9.919745
1728;1708636186536;0.29192436;-0.05802595;10.156635
1729;1708636186740;0.24765715;-0.28145576;10.650753
1730;1708636186938;0.85842514;0.47258246;10.330114
1731;1708636187143;1.3298112;1.0579267;9.354142
1732;1708636187339;-0.50009996;0.4956134;10.1700945
1733;1708636187539;-1.5672989;2.2259233;10.840085
1734;1708636187738;2.0291135;0.15284155;12.595519
1735;1708636187938;5.738886;-3.6840496;9.559626
1736;1708636188139;0.06610172;-5.925526;10.355538
1737;1708636188337;-4.727021;-0.91585284;11.182857
1738;1708636188538;-4.982455;2.9560332;12.172289
1739;1708636188739;-7.332805;2.1747768;17.45983
1740;1708636188937;-9.425926;3.5697923;0.7429714
1741;1708636189136;-6.773184;2.5205395;-6.088836
1742;1708636189337;2.7999015;-2.4041886;3.8431723
1743;1708636189537;-3.8533418;-2.3461626;15.506687
1744;1708636189740;-11.319846;0.32662028;12.703197
1745;1708636189948;-9.98136;-1.1039885;-1.4886348
1746;1708636190148;-13.753047;2.6371896;-1.5248263
1747;1708636190346;-3.775276;2.1735802;2.5689943
1748;1708636190547;3.0756743;-6.4175506;8.959326
1749;1708636190745;0.29970104;-0.7516454;14.500206
1750;1708636190947;-5.482256;1.3887345;8.82832
1751;1708636191148;-10.009775;-3.879962;1.4419748
1752;1708636191348;-13.67199;-0.9906286;1.6567305
1753;1708636191548;-8.677871;4.9986067;4.825426
1754;1708636191748;-0.67208403;3.659224;5.1876397
1755;1708636191947;-0.62751776;-5.401199;9.434601
1756;1708636192145;-8.6910305;-4.5278187;12.8111725
1757;1708636192347;-8.575577;0.39511484;6.5985074
1758;1708636192545;-9.070293;4.881657;-1.6142579
1759;1708636192747;-3.309573;3.8620157;-0.086141616
1760;1708636192944;0.066400826;-1.2559328;8.197212
1761;1708636193148;-0.66041905;-2.0919251;13.236795
1762;1708636193346;-1.3941183;-1.4255241;11.072188
1763;1708636193544;-0.6538388;-0.88354975;10.800304
1764;1708636193745;0.2440679;-0.25124636;9.585947
1765;1708636193948;0.0047856453;0.30239296;10.120743
1766;1708636194145;-0.046660043;0.34127632;9.91496
1767;1708636194346;-0.049052864;0.34426737;9.911968
1768;1708636194544;-0.05054838;0.34546378;9.9140625
1769;1708636194747;-0.0526421;0.34157544;9.912268
1770;1708636194945;-0.05054838;0.34516466;9.9140625
1771;1708636195145;-0.052342996;0.34396824;9.9140625
1772;1708636195346;-0.0529412;0.34157544;9.913165
1773;1708636195545;-0.0529412;0.34606197;9.912268
1774;1708636195745;-0.054436713;0.34247273;9.91466
1775;1708636195946;-0.054137614;0.34337005;9.912567
1776;1708636196146;-0.055334024;0.3469593;9.913165
1777;1708636196345;-0.055633128;0.3469593;9.912866
1778;1708636196545;-0.057726845;0.34426737;9.913165
1779;1708636196745;-0.05383851;0.34606197;9.913165
1780;1708636196945;-0.055633128;0.34456646;9.913763
1781;1708636197146;-0.05503492;0.34666017;9.91496
1782;1708636197346;-0.053539407;0.34366915;9.9140625
1783;1708636197544;-0.05503492;0.34516466;9.916156
1784;1708636197744;-0.054137614;0.34576288;9.912567
1785;1708636197945;-0.054436713;0.3484548;9.916455
1786;1708636198145;-0.056530435;0.34516466;9.912567
1787;1708636198345;-0.053539407;0.34486556;9.913165
1788;1708636198544;-0.055334024;0.34486556;9.912866
1789;1708636198743;-0.056530435;0.34426737;9.911968
1790;1708636198945;-0.054436713;0.3469593;9.910772
1791;1708636199145;-0.2742773;0.14117654;9.914362
1792;1708636199345;1.4087744;-1.3522439;11.702099
1793;1708636199549;-4.1347976;-4.7024946;16.32563
1794;1708636199745;-8.411669;3.222833;8.1015
1795;1708636199944;-1.7036897;7.4709907;1.2170494
1796;1708636200144;0.67447686;8.203493;0.87936234
1797;1708636200343;0.4833502;3.2572298;-5.3682976
1798;1708636200543;-2.4759731;-4.255336;-10.492826
1799;1708636200743;-9.44148;-15.34547;-8.607581
1800;1708636200943;-10.343873;-13.294822;1.1751751
1801;1708636201143;-25.245476;-9.833006;16.211672
1802;1708636201343;1.9232312;0.61435723;-1.090529
1803;1708636201542;-4.4751763;6.2147584;12.993924
1804;1708636201743;-2.4062822;3.6924245;8.813962
1805;1708636201943;-2.446063;3.6993039;8.900702
1806;1708636202144;-2.443371;3.6981075;8.905189
1807;1708636202344;-2.440679;3.699902;8.903693
1808;1708636202543;-2.4182463;3.705585;8.838788
1809;1708636202743;-2.5669005;3.693621;8.859725
1810;1708636202942;-2.4589243;2.8537402;9.985847
1811;1708636203141;-7.7614193;0.23808585;15.140286
1812;1708636203344;-6.101698;2.6069803;7.8029947
1813;1708636203541;-0.44656053;2.0105693;3.9954157
1814;1708636203742;-0.68135625;-0.2862414;7.9369926
1815;1708636203944;-0.98674023;-1.4536397;11.111371
1816;1708636204145;-0.17108682;-1.0211371;9.850653
1817;1708636204341;-0.090628155;0.38733816;9.879067
1818;1708636204539;-0.0529412;0.34067813;9.917651
1819;1708636204743;-0.0526421;0.3379862;9.912567
1820;1708636204941;-0.050847482;0.34576288;9.918848
1821;1708636205144;-0.054735817;0.34217364;9.91167
1822;1708636205343;-0.050847482;0.34546378;9.917053
1823;1708636205541;-0.049351968;0.34247273;9.91137
1824;1708636205743;-0.052342996;0.3469593;9.916755
1825;1708636205943;-0.054436713;0.34366915;9.917053
1826;1708636206143;-0.0526421;0.3400799;9.91466
1827;1708636206341;-0.05712864;0.3475575;9.91466
1828;1708636206540;-0.05503492;0.34337005;9.915558
1829;1708636206741;-0.056530435;0.349053;9.91466
1830;1708636206940;-0.0529412;0.34785658;9.915258
1831;1708636207140;-0.0529412;0.34486556;9.915258
1832;1708636207341;-0.053240303;0.34576288;9.913165
1833;1708636207539;-0.054137614;0.3475575;9.915258
1834;1708636207741;-0.05054838;0.34606197;9.91466
1835;1708636207941;-0.05682954;0.34606197;9.91496
1836;1708636208141;-0.058325052;0.3475575;9.9140625
1837;1708636208342;-0.04875376;0.3493521;9.911968
1838;1708636208540;-0.047258247;0.3487539;9.916755
1839;1708636208742;-0.05054838;0.3484548;9.9140625
1840;1708636208942;-0.050249275;0.35294133;9.915258
1841;1708636209141;-0.054137614;0.35413775;9.91496
1842;1708636209341;-0.047856454;0.3505485;9.91825
1843;1708636209540;-0.0526421;0.3487539;9.91466
1844;1708636209741;-0.05174479;0.3499503;9.914362
1845;1708636209940;-0.05054838;0.3487539;9.916455
1846;1708636210141;-0.0529412;0.35144582;9.913165
1847;1708636210340;-0.0529412;0.3502494;9.915258
1848;1708636210540;-0.054436713;0.35264224;9.915258
1849;1708636210740;-0.05503492;0.35084763;9.916455
1850;1708636210940;-0.053539407;0.3502494;9.915258
1851;1708636211139;-0.05174479;0.3493521;9.913763
1852;1708636211339;-0.053539407;0.34785658;9.917353
1853;1708636211539;-0.051445685;0.35353956;9.915258
1854;1708636211741;-0.054436713;0.3502494;9.913165
1855;1708636211940;-0.051146585;0.3499503;9.912866
1856;1708636212139;-0.052342996;0.3481557;9.915258
1857;1708636212340;-0.053539407;0.3493521;9.915857
1858;1708636212538;-0.049052864;0.35084763;9.9140625
1859;1708636212739;-0.05174479;0.3502494;9.917951
1860;1708636212941;-0.052342996;0.35264224;9.917651
1861;1708636213139;-0.05742774;0.3505485;9.91496
1862;1708636213340;-0.049351968;0.3475575;9.916755
1863;1708636213539;-0.051445685;0.349053;9.914362
1864;1708636213738;-0.0529412;0.35234314;9.91466
1865;1708636213938;-0.0526421;0.34965122;9.9140625
1866;1708636214138;-0.050847482;0.35084763;9.91466
1867;1708636214338;-0.052043892;0.3499503;9.9140625
1868;1708636214538;-0.05383851;0.3505485;9.915258
1869;1708636214738;-0.04965107;0.3475575;9.915857
1870;1708636214938;-0.04965107;0.34965122;9.9140625
1871;1708636215137;-0.054137614;0.3502494;9.912268
1872;1708636215339;-0.050249275;0.349053;9.913763
1873;1708636215536;-0.052043892;0.34666017;9.915258
1874;1708636215739;-0.05054838;0.34486556;9.913763
1875;1708636215940;-0.054436713;0.35204405;9.915857
1876;1708636216138;-0.048454657;0.34785658;9.917353
1877;1708636216338;-0.052342996;0.3484548;9.911968
1878;1708636216539;-0.051445685;0.34666017;9.91466
1879;1708636216737;-0.0526421;0.3469593;9.915857
1880;1708636216937;-0.052043892;0.34576288;9.913763
1881;1708636217138;-0.04875376;0.34516466;9.912866
1882;1708636217337;-0.05054838;0.3472584;9.915558
1883;1708636217538;-0.053539407;0.3487539;9.915258
1884;1708636217737;-0.0529412;0.34666017;9.91466
1885;1708636217937;-0.05682954;0.34576288;9.91496
1886;1708636218137;-0.054436713;0.34486556;9.91466
1887;1708636218337;-0.052043892;0.34785658;9.913465
1888;1708636218537;-0.0526421;0.34486556;9.91496
1889;1708636218737;-0.0526421;0.34337005;9.913763
1890;1708636218937;-0.051445685;0.34785658;9.916156
1891;1708636219138;-0.051146585;0.34396824;9.91825
1892;1708636219336;-0.05712864;0.34486556;9.91466
1893;1708636219538;-0.054137614;0.34456646;9.91167
1894;1708636219736;-0.060717873;0.34576288;9.916455
1895;1708636219940;-0.05054838;0.34366915;9.9140625
1896;1708636220138;-0.053240303;0.34636107;9.915258
1897;1708636220336;-0.05623133;0.34277186;9.91825
1898;1708636220536;-0.05682954;0.34486556;9.915558
1899;1708636220736;-0.053539407;0.34187454;9.915558
1900;1708636220936;-0.0529412;0.3469593;9.91466
1901;1708636221137;-0.055633128;0.34247273;9.913763
1902;1708636221336;-0.059521463;0.34546378;9.9140625
1903;1708636221536;-0.055633128;0.34366915;9.912866
1904;1708636221736;-0.05623133;0.34636107;9.91137
1905;1708636221938;-0.054735817;0.34516466;9.916156
1906;1708636222136;-0.05623133;0.34486556;9.914362
1907;1708636222337;-0.054137614;0.34247273;9.912866
1908;1708636222536;-0.055932228;0.34426737;9.916755
1909;1708636222735;-0.055633128;0.34217364;9.91466
1910;1708636222937;-0.057726845;0.34396824;9.915558
1911;1708636223137;-0.05054838;0.34546378;9.9140625
1912;1708636223335;-0.055633128;0.34307095;9.916755
1913;1708636223535;-0.059820566;0.34127632;9.915258
1914;1708636223734;-0.05503492;0.34516466;9.914362
1915;1708636223935;-0.056530435;0.34636107;9.91466
1916;1708636224135;-0.053240303;0.3469593;9.917353
1917;1708636224336;-0.05712864;0.3469593;9.915857
1918;1708636224537;-0.04995017;0.3484548;9.914362
1919;1708636224735;-0.05623133;0.3481557;9.915258
1920;1708636224935;-0.054735817;0.3493521;9.916755
1921;1708636225135;-0.054735817;0.34456646;9.91466
1922;1708636225334;-0.056530435;0.3472584;9.9140625
1923;1708636225535;-0.055334024;0.3484548;9.916755
1924;1708636225734;-0.054436713;0.34666017;9.913763
1925;1708636225935;-0.050847482;0.3493521;9.9140625
1926;1708636226134;-0.05383851;0.34606197;9.91496
1927;1708636226336;-0.05383851;0.3499503;9.91496
1928;1708636226535;-0.054137614;0.34606197;9.914362
1929;1708636226735;-0.054436713;0.34965122;9.916755
1930;1708636226934;-0.052342996;0.34965122;9.915857
1931;1708636227136;-0.054436713;0.3487539;9.916755
1932;1708636227334;-0.055334024;0.349053;9.916455
